product_id,url
B00D6EUULG,https://www.amazon.com//Bumble-Bee-Prime-Fillet-Albacore/dp/B00D6EUULG/ref=sr_1_52?dchild=1&keywords=fish&qid=1633070592&sr=8-52
B00EFTJBYI,https://www.amazon.com//MW-Polar-Peppered-Smoked-Herring/dp/B00EFTJBYI/ref=sr_1_24?dchild=1&keywords=fish&qid=1633070592&sr=8-24
B01FUWYO2M,https://www.amazon.com//Safe-Catch-Elite-Wild-Ounce/dp/B01FUWYO2M/ref=sr_1_48?dchild=1&keywords=fish&qid=1633070592&sr=8-48
B01LZE96FH,https://www.amazon.com//Safe-Catch-Lowest-Mercury-Pouch/dp/B01LZE96FH/ref=sr_1_44?dchild=1&keywords=fish&qid=1633070592&sr=8-44
B00XMZ5K9G,https://www.amazon.com//Fish-Fry-Seasoned-Mix-10/dp/B00XMZ5K9G/ref=sr_1_41?dchild=1&keywords=fish&qid=1633070592&sr=8-41
B08TCHM4N7,https://www.amazon.com//StarKist-Solid-White-Water-Vertical/dp/B08TCHM4N7/ref=sr_1_22?dchild=1&keywords=fish&qid=1633070592&sr=8-22
B01LN63SUI,https://www.amazon.com//StarKist-Sodium-Solid-White-Albacore/dp/B01LN63SUI/ref=sr_1_12?dchild=1&keywords=fish&qid=1633070592&sr=8-12
B003EYXVZA,https://www.amazon.com//Genova-Yellowfin-Tuna-Olive-Ounce/dp/B003EYXVZA/ref=sr_1_46?dchild=1&keywords=fish&qid=1633070592&sr=8-46
B07G4SS8T6,https://www.amazon.com//Frozen-Portions-Individually-Vacuum-Packaged/dp/B07G4SS8T6/ref=sr_1_33?dchild=1&keywords=fish&qid=1633070592&sr=8-33
B07P6RW7CL,https://www.amazon.com//Yehuda-Sweet-Gefilte-Kosher-Passover/dp/B07P6RW7CL/ref=sr_1_32?dchild=1&keywords=fish&qid=1633070592&sr=8-32
B00B9YRRBG,https://www.amazon.com//Louisiana-Fish-Fry-Cajun-Oounces/dp/B00B9YRRBG/ref=sr_1_5?dchild=1&keywords=fish&qid=1633070592&sr=8-5
B08694BBLH,https://www.amazon.com//Rokeach-Vienna-Gefilte-Delicious-Recipe/dp/B08694BBLH/ref=sr_1_17?dchild=1&keywords=fish&qid=1633070592&sr=8-17
B07DZXS65V,https://www.amazon.com//Joes-Gourmet-Fish-Fry-Seasoning/dp/B07DZXS65V/ref=sr_1_47?dchild=1&keywords=fish&qid=1633070592&sr=8-47
B00AJG7JZO,https://www.amazon.com//Maggi-Season-up-Fish-Seasoning-125g/dp/B00AJG7JZO/ref=sr_1_18?dchild=1&keywords=fish&qid=1633070592&sr=8-18
B004H4R27E,https://www.amazon.com//Shore-Lunch-Breading-Original-3-5-pounds/dp/B004H4R27E/ref=sr_1_43?dchild=1&keywords=fish&qid=1633070592&sr=8-43
B07B9QBZ58,https://www.amazon.com//Leftys-Spices-Fish-Chicken-Pack/dp/B07B9QBZ58/ref=sr_1_13?dchild=1&keywords=fish&qid=1633070592&sr=8-13
B06X42FN58,https://www.amazon.com//Zatarains-Breading-Crispy-Fish-Pack/dp/B06X42FN58/ref=sr_1_19?dchild=1&keywords=fish&qid=1633070592&sr=8-19
B00F0RDRVC,https://www.amazon.com//Premium-Anchovy-Sauce-Small-Chung-jung-one/dp/B00F0RDRVC/ref=sr_1_50?dchild=1&keywords=fish&qid=1633070592&sr=8-50
B00DJLKZR0,https://www.amazon.com//Sea-Best-Fillets-Ounce-Pack/dp/B00DJLKZR0/ref=sr_1_2?dchild=1&keywords=fish&qid=1633070592&sr=8-2
B004H4LK7M,https://www.amazon.com//Andys-Red-Fish-Breading-5-pounds/dp/B004H4LK7M/ref=sr_1_45?dchild=1&keywords=fish&qid=1633070592&sr=8-45
B07RWXJ99S,https://www.amazon.com//Chicken-Sea-Chunk-Premium-7-Ounce/dp/B07RWXJ99S/ref=sr_1_7?dchild=1&keywords=fish&qid=1633070592&sr=8-7
B01N8T6GZR,https://www.amazon.com//Leftys-Spices-Fish-Chicken-Mix/dp/B01N8T6GZR/ref=sr_1_39?dchild=1&keywords=fish&qid=1633070592&sr=8-39
B009HXF91G,https://www.amazon.com//Louisiana-Gallon-Seasoned-Crispy-Breading/dp/B009HXF91G/ref=sr_1_37?dchild=1&keywords=fish&qid=1633070592&sr=8-37
B01NCXN0MV,https://www.amazon.com//Genova-Yellowfin-Tuna-Olive-ounce/dp/B01NCXN0MV/ref=sr_1_31?dchild=1&keywords=fish&qid=1633070592&sr=8-31
B08KFQQDYP,https://www.amazon.com//Yehuda-Original-Gefilte-Premium-Passover/dp/B08KFQQDYP/ref=sr_1_16?dchild=1&keywords=fish&qid=1633070592&sr=8-16
B08KJP8BDG,https://www.amazon.com//Gluten-Israeli-Gefilte-Nothing-Artificial/dp/B08KJP8BDG/ref=sr_1_15?dchild=1&keywords=fish&qid=1633070592&sr=8-15
B0919CWHJ8,https://www.amazon.com//Basmalah-Africa-Peeled-African-Herring/dp/B0919CWHJ8/ref=sr_1_30?dchild=1&keywords=fish&qid=1633070592&sr=8-30
B08LZ2P749,https://www.amazon.com//Swedish-Fish-12-Red-Bag/dp/B08LZ2P749/ref=sr_1_38?dchild=1&keywords=fish&qid=1633070592&sr=8-38
B08C46GF8Q,https://www.amazon.com//Roasted-Crunchy-Perfect-Seafood-Sharing/dp/B08C46GF8Q/ref=sr_1_51?dchild=1&keywords=fish&qid=1633070592&sr=8-51
B07DJYZJ1B,https://www.amazon.com//Zatarains-Crispy-Southern-Style-Pound/dp/B07DJYZJ1B/ref=sr_1_21?dchild=1&keywords=fish&qid=1633070592&sr=8-21
B07X4888DP,https://www.amazon.com//Joes-Gourmet-Seafood-Breading-Original/dp/B07X4888DP/ref=sr_1_11?dchild=1&keywords=fish&qid=1633070592&sr=8-11
B096N51Z9F,https://www.amazon.com//Crispy-Salmon-Skin-Chips-GOODFISH/dp/B096N51Z9F/ref=sr_1_34?dchild=1&keywords=fish&qid=1633070592&sr=8-34
B003WT31QQ,https://www.amazon.com//StarKist-Chunk-Light-Water-Ounce/dp/B003WT31QQ/ref=sr_1_42?dchild=1&keywords=fish&qid=1633070592&sr=8-42
B0173GV5X4,https://www.amazon.com//StarKist-Reduced-Sodium-Chunk-Pouches/dp/B0173GV5X4/ref=sr_1_6?dchild=1&keywords=fish&qid=1633070592&sr=8-6
B094CQX1RT,https://www.amazon.com//Crispy-Salmon-Skin-Chips-GOODFISH/dp/B094CQX1RT/ref=sr_1_35?dchild=1&keywords=fish&qid=1633070592&sr=8-35
B08PMVZX9C,https://www.amazon.com//Gotcha-Tongue-Cornmeal-Seasoning-Seafood/dp/B08PMVZX9C/ref=sr_1_20?dchild=1&keywords=fish&qid=1633070592&sr=8-20
B096DW7843,https://www.amazon.com//gp/slredirect/picassoRedirect.html/ref=pa_sp_btf_aps_sr_pg1_1?ie=UTF8&adId=A09949002ODEOVJFTNY45&url=%2FOriginality-Incandescent-fixtures-Lampshade-Lighting%2Fdp%2FB096DW7843%2Fref%3Dsr_1_58_sspa%3Fdchild%3D1%26keywords%3Dfish%26qid%3D1633070592%26sr%3D8-58-spons%26psc%3D1&qualifier=1633070592&id=5097277689518936&widgetName=sp_btf
B009XPKZPI,https://www.amazon.com//Andys-Breading-Fish-Red-Package/dp/B009XPKZPI/ref=sr_1_40?dchild=1&keywords=fish&qid=1633070592&sr=8-40
B08KCTNXDM,https://www.amazon.com//Good-Jerky-Premium-Sweet-Smoky/dp/B08KCTNXDM/ref=sr_1_10?dchild=1&keywords=fish&qid=1633070592&sr=8-10
B0749B8TVD,https://www.amazon.com//Shore-Breading-Batter-Original-Recipe/dp/B0749B8TVD/ref=sr_1_29?dchild=1&keywords=fish&qid=1633070592&sr=8-29
B099755MMP,https://www.amazon.com//gp/slredirect/picassoRedirect.html/ref=pa_sp_btf_aps_sr_pg1_1?ie=UTF8&adId=A06490023LOU4GM4N972Z&url=%2FLucky-Fishing-Fisherman-Angling-T-Shirt%2Fdp%2FB099755MMP%2Fref%3Dsr_1_54_sspa%3Fdchild%3D1%26keywords%3Dfish%26qid%3D1633070592%26sr%3D8-54-spons%26psc%3D1&qualifier=1633070592&id=5097277689518936&widgetName=sp_btf
B08ZV55WJ3,https://www.amazon.com//Seafood-Seasoning-Herbs-Spices-Shrimp/dp/B08ZV55WJ3/ref=sr_1_49?dchild=1&keywords=fish&qid=1633070592&sr=8-49
B016AAEBOY,https://www.amazon.com//Zatarains-Orleans-Style-Seasoned-Fish/dp/B016AAEBOY/ref=sr_1_14?dchild=1&keywords=fish&qid=1633070592&sr=8-14
B08R69LD9C,https://www.amazon.com//Safe-Catch-Mackerel-Atlantic-Skinless/dp/B08R69LD9C/ref=sr_1_9?dchild=1&keywords=fish&qid=1633070592&sr=8-9
B08V8WN5ZL,https://www.amazon.com//gp/slredirect/picassoRedirect.html/ref=pa_sp_mtf_aps_sr_pg1_1?ie=UTF8&adId=A04307291L9Z2NN90C430&url=%2FWatercolour-Animals-Fish-T-Shirt%2Fdp%2FB08V8WN5ZL%2Fref%3Dsr_1_27_sspa%3Fdchild%3D1%26keywords%3Dfish%26qid%3D1633070592%26sr%3D8-27-spons%26psc%3D1&qualifier=1633070592&id=5097277689518936&widgetName=sp_mtf
B091V5CYYG,https://www.amazon.com//gp/slredirect/picassoRedirect.html/ref=pa_sp_atf_aps_sr_pg1_1?ie=UTF8&adId=A027876710LF5G2ODI5G8&url=%2FOriginal-Chum-Bucket-12lb-Freshwater%2Fdp%2FB091V5CYYG%2Fref%3Dsr_1_1_sspa%3Fdchild%3D1%26keywords%3Dfish%26qid%3D1633070592%26sr%3D8-1-spons%26psc%3D1%26smid%3DA28O8139E87IJE&qualifier=1633070592&id=5097277689518936&widgetName=sp_atf
B01FUX2RIE,https://www.amazon.com//Safe-Catch-Albacore-Brand-Mercury/dp/B01FUX2RIE/ref=sr_1_3?dchild=1&keywords=fish&qid=1633070592&sr=8-3
B00BP3Q38O,https://www.amazon.com//Crown-Prince-Mackerel-Water-15-Ounce/dp/B00BP3Q38O/ref=sr_1_4?dchild=1&keywords=fish&qid=1633070592&sr=8-4
B08LBR7FDK,https://www.amazon.com//Zatarains-Seasoned-Fish-Fri-Crispy-Southern/dp/B08LBR7FDK/ref=sr_1_8?dchild=1&keywords=fish&qid=1633070592&sr=8-8
B084H17ZCB,https://www.amazon.com//As-Mar-Tuna-Fish-7oz/dp/B084H17ZCB/ref=sr_1_23?dchild=1&keywords=fish&qid=1633070592&sr=8-23
B01MEH4SHB,https://www.amazon.com//Japanese-DASHI-bonito-bouillon-seasoning/dp/B01MEH4SHB/ref=sr_1_25?dchild=1&keywords=fish&qid=1633070592&sr=8-25
B097Y6TF9L,https://www.amazon.com//gp/slredirect/picassoRedirect.html/ref=pa_sp_mtf_aps_sr_pg1_1?ie=UTF8&adId=A07951182VE9LXRUHVU5A&url=%2FOwnist-Hydrolyzed-Wild-Caught-Elasticity-Hyaluronic%2Fdp%2FB097Y6TF9L%2Fref%3Dsr_1_26_sspa%3Fdchild%3D1%26keywords%3Dfish%26qid%3D1633070592%26sr%3D8-26-spons%26psc%3D1&qualifier=1633070592&id=5097277689518936&widgetName=sp_mtf
B08FY2MJ99,https://www.amazon.com//gp/slredirect/picassoRedirect.html/ref=pa_sp_mtf_aps_sr_pg1_1?ie=UTF8&adId=A05349427CP2I52WHDRT&url=%2FFishing-Largemouth-Bass-Fisherman-T-Shirt%2Fdp%2FB08FY2MJ99%2Fref%3Dsr_1_28_sspa%3Fdchild%3D1%26keywords%3Dfish%26qid%3D1633070592%26sr%3D8-28-spons%26psc%3D1&qualifier=1633070592&id=5097277689518936&widgetName=sp_mtf
B094CSVC6P,https://www.amazon.com//Crispy-Salmon-Skin-Chips-GOODFISH/dp/B094CSVC6P/ref=sr_1_36?dchild=1&keywords=fish&qid=1633070592&sr=8-36
B0972Y8VLR,https://www.amazon.com//gp/slredirect/picassoRedirect.html/ref=pa_sp_btf_aps_sr_pg1_1?ie=UTF8&adId=A02952613ENAKTYGOH1PO&url=%2FSOPHIE-LENA-Microfiber-Non-Marking-Polishing%2Fdp%2FB0972Y8VLR%2Fref%3Dsr_1_53_sspa%3Fdchild%3D1%26keywords%3Dfish%26qid%3D1633070592%26sr%3D8-53-spons%26psc%3D1&qualifier=1633070592&id=5097277689518936&widgetName=sp_btf
B07TBT61Q8,https://www.amazon.com//gp/slredirect/picassoRedirect.html/ref=pa_sp_btf_aps_sr_pg1_1?ie=UTF8&adId=A05279622YVPCBWUHP78C&url=%2FSalmon-Fishing-Outdoor-Camping-Fisherman%2Fdp%2FB07TBT61Q8%2Fref%3Dsr_1_55_sspa%3Fdchild%3D1%26keywords%3Dfish%26qid%3D1633070592%26sr%3D8-55-spons%26psc%3D1&qualifier=1633070592&id=5097277689518936&widgetName=sp_btf
B094MXDS37,https://www.amazon.com//gp/slredirect/picassoRedirect.html/ref=pa_sp_btf_aps_sr_pg1_1?ie=UTF8&adId=A02558521FR1F6ME8HRKG&url=%2FSONGWAY-Aquarium-Scissor-Tweezers-Spatula%2Fdp%2FB094MXDS37%2Fref%3Dsr_1_56_sspa%3Fdchild%3D1%26keywords%3Dfish%26qid%3D1633070592%26sr%3D8-56-spons%26psc%3D1&qualifier=1633070592&id=5097277689518936&widgetName=sp_btf
B098KHVWRN,https://www.amazon.com//gp/slredirect/picassoRedirect.html/ref=pa_sp_btf_aps_sr_pg1_1?ie=UTF8&adId=A08870583R3DSEE65C8RP&url=%2FBoyfriend-Fisherman-Anniversary-Christmas-Valentines%2Fdp%2FB098KHVWRN%2Fref%3Dsr_1_57_sspa%3Fdchild%3D1%26keywords%3Dfish%26qid%3D1633070592%26sr%3D8-57-spons%26psc%3D1&qualifier=1633070592&id=5097277689518936&widgetName=sp_btf
