num,name,price,type,sold,star,from,img_src,url
1,тЪбр╣Гр╕кр╣Ир╣Вр╕Др╣Йр╕Ф SHA4ZIJH0X р╕ер╕Ф 80 р╕Ър╕▓р╕ЧтЪб р╕кр╣Йр╕бр╣Вр╕нр╕Вр╕▓р╕зр╣Бр╕Хр╕Зр╕Бр╕зр╕▓ р╕кр╣Йр╕бр╣Вр╕н р╕Кр╕▒р╕вр╕Щр╕▓р╕Ч р╕ер╕╣р╕Бр╕ер╕░ 0.8 р╕Бр╕Б.,р╕┐55.12,р╕гр╣Йр╕▓р╕Щр╣Бр╕Щр╕░р╕Щр╕│,986.0,4.7385,р╕Ир╕▒р╕Зр╕лр╕зр╕▒р╕Фр╕Кр╕▒р╕вр╕Щр╕▓р╕Ч,https://cf.shopee.co.th/file/1f3829840c85fb697689231f25ff7263_tn,https://shopee.co.th//тЪбр╣Гр╕кр╣Ир╣Вр╕Др╣Йр╕Ф-SHA4ZIJH0X-р╕ер╕Ф-80-р╕Ър╕▓р╕ЧтЪб-р╕кр╣Йр╕бр╣Вр╕нр╕Вр╕▓р╕зр╣Бр╕Хр╕Зр╕Бр╕зр╕▓-р╕кр╣Йр╕бр╣Вр╕н-р╕Кр╕▒р╕вр╕Щр╕▓р╕Ч-р╕ер╕╣р╕Бр╕ер╕░-0.8-р╕Бр╕Б.-i.78844268.7829225562
2,р╣Гр╕Кр╣Йр╣Вр╕Др╣Йр╕ФDURE395р╕ер╕Фр╣Ар╕Юр╕┤р╣Ир╕б15% * р╕лр╕бр╕нр╕Щр╕Чр╕нр╕Зр╕Ир╕▒р╕Щр╕Чр╕Ър╕╕р╕гр╕╡ 100% 3 р╕ер╕╣р╕Б 10 р╣Вр╕е,"р╕┐1,782",general,no sold,0.0,р╕Ир╕▒р╕Зр╕лр╕зр╕▒р╕Фр╕Ир╕▒р╕Щр╕Чр╕Ър╕╕р╕гр╕╡,https://cf.shopee.co.th/file/20aff2ee1ba49ca78103199ab16d0a3f_tn,https://shopee.co.th//р╣Гр╕Кр╣Йр╣Вр╕Др╣Йр╕ФDURE395р╕ер╕Фр╣Ар╕Юр╕┤р╣Ир╕б15-*-р╕лр╕бр╕нр╕Щр╕Чр╕нр╕Зр╕Ир╕▒р╕Щр╕Чр╕Ър╕╕р╕гр╕╡-100-3-р╕ер╕╣р╕Б-10-р╣Вр╕е-i.395360852.7880564343
3,р╕кр╣Йр╕бр╣Вр╕нр╕Чр╕▒р╕Ър╕Чр╕┤р╕бр╕кр╕вр╕▓р╕б р╕Ир╕▓р╕Бр╕кр╕зр╕Щр╕Чр╕╡р╣Ир╕Фр╕╡р╕Чр╕╡р╣Ир╕кр╕╕р╕Фр╕Вр╕нр╕Зр╕Ыр╕гр╕░р╣Ар╕Чр╕и,р╕┐265 - р╕┐360,general,no sold,0.0,р╕Ир╕▒р╕Зр╕лр╕зр╕▒р╕Фр╕гр╕░р╕Щр╕нр╕З,https://cf.shopee.co.th/file/a411b7b75702a64f44fc58b22b8e77ea_tn,https://shopee.co.th//р╕кр╣Йр╕бр╣Вр╕нр╕Чр╕▒р╕Ър╕Чр╕┤р╕бр╕кр╕вр╕▓р╕б-р╕Ир╕▓р╕Бр╕кр╕зр╕Щр╕Чр╕╡р╣Ир╕Фр╕╡р╕Чр╕╡р╣Ир╕кр╕╕р╕Фр╕Вр╕нр╕Зр╕Ыр╕гр╕░р╣Ар╕Чр╕и-i.345265128.4265621517
4,р╕Ыр╕ер╕▓р╕Чр╕╣р╕бр╕▒р╕Щ р╣Бр╕бр╣Ир╕Бр╕ер╕нр╕З р╕кр╕╣р╕Хр╕г р╕Фр╕нр╕Бр╣Ар╕Бр╕ер╕╖р╕н р╣Ар╕Др╣Зр╕бр╕Щр╣Йр╕нр╕в р╣Гр╕Кр╣Йр╕Ыр╕ер╕▓р╣Др╕Лр╕кр╣Мр╣Гр╕лр╕Нр╣И р╕кр╕Фр╣Гр╕лр╕бр╣И р╣Др╕гр╣Йр╕кр╕▓р╕гр╕Бр╕▒р╕Щр╣Ар╕кр╕╡р╕в р╕Чр╕│р╣Ар╕нр╕Зр╕Др╣Ир╕░ р╕кр╕░р╕нр╕▓р╕Ф р╕Др╕ер╕╡р╕Щ р╕Др╕╡р╣Вр╕Х keto р╕Ыр╕ер╕▓р╕Чр╕╣ р╕Ыр╕ер╕▓р╕Чр╕╣р╕лр╕нр╕б,р╕┐39 - р╕┐43,р╕гр╣Йр╕▓р╕Щр╣Бр╕Щр╕░р╕Щр╕│,3400.0,4.886,р╕Ир╕▒р╕Зр╕лр╕зр╕▒р╕Фр╕кр╕бр╕╕р╕Чр╕гр╕кр╕Зр╕Др╕гр╕▓р╕б,https://cf.shopee.co.th/file/e3fc9cc82477fba3f44ffeb5e974951d_tn,https://shopee.co.th//р╕Ыр╕ер╕▓р╕Чр╕╣р╕бр╕▒р╕Щ-р╣Бр╕бр╣Ир╕Бр╕ер╕нр╕З-р╕кр╕╣р╕Хр╕г-р╕Фр╕нр╕Бр╣Ар╕Бр╕ер╕╖р╕н-р╣Ар╕Др╣Зр╕бр╕Щр╣Йр╕нр╕в-р╣Гр╕Кр╣Йр╕Ыр╕ер╕▓р╣Др╕Лр╕кр╣Мр╣Гр╕лр╕Нр╣И-р╕кр╕Фр╣Гр╕лр╕бр╣И-р╣Др╕гр╣Йр╕кр╕▓р╕гр╕Бр╕▒р╕Щр╣Ар╕кр╕╡р╕в-р╕Чр╕│р╣Ар╕нр╕Зр╕Др╣Ир╕░-р╕кр╕░р╕нр╕▓р╕Ф-р╕Др╕ер╕╡р╕Щ-р╕Др╕╡р╣Вр╕Х-keto-р╕Ыр╕ер╕▓р╕Чр╕╣-р╕Ыр╕ер╕▓р╕Чр╕╣р╕лр╕нр╕б-i.43331754.6124343094
5,р╕бр╕░р╕бр╣Ир╕зр╕Зр╣Бр╕Бр╣Йр╕зр╣Вр╕Ър╕гр╕▓р╕У р╕кр╕╕р╕Бр╕лр╕зр╕▓р╕Щр╣Ар╕Щр╕╖р╣Йр╕нр╕кр╕╡р╕кр╣Йр╕б р╣Гр╕Бр╕ер╣Йр╕лр╕бр╕Фр╕др╕Фр╕╣р╕Бр╕▓р╕ер╣Бр╕ер╣Йр╕з р╣Ар╕лр╕ер╕╖р╕н 5 р╕Бр╕┤р╣Вр╕ер╕кр╕╕р╕Фр╕Чр╣Йр╕▓р╕в р╕Бр╕┤р╣Вр╕ер╕Бр╕гр╕▒р╕бр╕ер╕░ 35 р╕Ър╕▓р╕Ч,р╕┐35,general,5.0,0.0,р╕Ир╕▒р╕Зр╕лр╕зр╕▒р╕Фр╕ир╕гр╕╡р╕кр╕░р╣Ар╕Бр╕й,https://cf.shopee.co.th/file/911a914730a8268d5edb1342a7ff3b77_tn,https://shopee.co.th//р╕бр╕░р╕бр╣Ир╕зр╕Зр╣Бр╕Бр╣Йр╕зр╣Вр╕Ър╕гр╕▓р╕У-р╕кр╕╕р╕Бр╕лр╕зр╕▓р╕Щр╣Ар╕Щр╕╖р╣Йр╕нр╕кр╕╡р╕кр╣Йр╕б-р╣Гр╕Бр╕ер╣Йр╕лр╕бр╕Фр╕др╕Фр╕╣р╕Бр╕▓р╕ер╣Бр╕ер╣Йр╕з-р╣Ар╕лр╕ер╕╖р╕н-5-р╕Бр╕┤р╣Вр╕ер╕кр╕╕р╕Фр╕Чр╣Йр╕▓р╕в-р╕Бр╕┤р╣Вр╕ер╕Бр╕гр╕▒р╕бр╕ер╕░-35-р╕Ър╕▓р╕Ч-i.17466925.9952389607
6,"5.5 р╕кр╣Ир╕Зр╕Яр╕гр╕╡ р╕кр╣Йр╕бр╣Вр╕нр╕Чр╕нр╕Зр╕Фр╕╡ "" р╣Вр╕Ыр╕гр╣Вр╕бр╕Кр╕▒р╣Ир╕Щ р╕кр╣Ир╕Зр╕Яр╕гр╕╡ !! р╕Чр╕╕р╕Бр╕Бр╕ер╣Ир╕нр╕З   """,р╕┐150,general,279.0,4.874,р╕Ир╕▒р╕Зр╕лр╕зр╕▒р╕Фр╕Щр╕Др╕гр╕Ыр╕Рр╕б,https://cf.shopee.co.th/file/7007844f44f9b1c80b7be11471104696_tn,https://shopee.co.th//5.5-р╕кр╣Ир╕Зр╕Яр╕гр╕╡-р╕кр╣Йр╕бр╣Вр╕нр╕Чр╕нр╕Зр╕Фр╕╡-р╣Вр╕Ыр╕гр╣Вр╕бр╕Кр╕▒р╣Ир╕Щ-р╕кр╣Ир╕Зр╕Яр╕гр╕╡-!!-р╕Чр╕╕р╕Бр╕Бр╕ер╣Ир╕нр╕З--i.62130553.5445648786
7,тЪбр╣Гр╕кр╣Ир╣Вр╕Др╣Йр╕Ф SHA4ZIJH0X р╕ер╕Ф 80 р╕Ър╕▓р╕ЧтЪб р╕кр╣Йр╕бр╣Вр╕нр╕Вр╕▓р╕зр╣Бр╕Хр╕Зр╕Бр╕зр╕▓ р╕кр╣Йр╕бр╣Вр╕н р╕Кр╕▒р╕вр╕Щр╕▓р╕Ч р╕ер╕╣р╕Бр╕ер╕░ 0.8 р╕Бр╕Б.,р╕┐55,р╕гр╣Йр╕▓р╕Щр╣Бр╕Щр╕░р╕Щр╕│,986.0,4.7385,р╕Ир╕▒р╕Зр╕лр╕зр╕▒р╕Фр╕Кр╕▒р╕вр╕Щр╕▓р╕Ч,https://cf.shopee.co.th/file/1f3829840c85fb697689231f25ff7263_tn,https://shopee.co.th//тЪбр╣Гр╕кр╣Ир╣Вр╕Др╣Йр╕Ф-SHA4ZIJH0X-р╕ер╕Ф-80-р╕Ър╕▓р╕ЧтЪб-р╕кр╣Йр╕бр╣Вр╕нр╕Вр╕▓р╕зр╣Бр╕Хр╕Зр╕Бр╕зр╕▓-р╕кр╣Йр╕бр╣Вр╕н-р╕Кр╕▒р╕вр╕Щр╕▓р╕Ч-р╕ер╕╣р╕Бр╕ер╕░-0.8-р╕Бр╕Б.-i.78844268.7829225562
8,р╕кр╣Йр╕бр╣Вр╕нр╕нр╕▒р╕бр╕Юр╕зр╕▓ р╣Др╕Лр╕кр╣Мр╣Ар╕ер╣Зр╕Б 3 р╕ер╕╣р╕Б 100 р╕Ър╕▓р╕Ч,р╕┐100,general,280.0,4.8655,р╕Ир╕▒р╕Зр╕лр╕зр╕▒р╕Фр╕кр╕бр╕╕р╕Чр╕гр╕кр╕Зр╕Др╕гр╕▓р╕б,https://cf.shopee.co.th/file/3ff2c383e55da7924766fcf4dfd1dfeb_tn,https://shopee.co.th//р╕кр╣Йр╕бр╣Вр╕нр╕нр╕▒р╕бр╕Юр╕зр╕▓-р╣Др╕Лр╕кр╣Мр╣Ар╕ер╣Зр╕Б-3-р╕ер╕╣р╕Б-100-р╕Ър╕▓р╕Ч-i.39298135.6610356886
9,р╕кр╣Йр╕бр╣Вр╕нр╕Вр╕▓р╕зр╣Гр╕лр╕Нр╣Ир╕нр╕▒р╕бр╕Юр╕зр╕▓ р╕лр╕зр╕▓р╕Щр╕Йр╣Ир╕│ р╣Др╕бр╣Ир╕бр╕╡р╣Ар╕бр╕ер╣Зр╕Фр╕Ьр╣Ир╕▓р╕Щр╕бр╕▓р╕Хр╕гр╕Рр╕▓р╕ЩGAP р╕Ыр╕ер╕нр╕Фр╕кр╕▓р╕гр╕Юр╕┤р╕йр╣Бр╕ер╕░р╕кр╕▓р╕гр╣Ар╕Др╕бр╕╡р╕Хр╕Бр╕Др╣Йр╕▓р╕З,р╕┐48 - р╕┐160,general,694.0,4.796,р╕Ир╕▒р╕Зр╕лр╕зр╕▒р╕Фр╕кр╕бр╕╕р╕Чр╕гр╕кр╕Зр╕Др╕гр╕▓р╕б,https://cf.shopee.co.th/file/53d136271e4390c89b0a958f497bee13_tn,https://shopee.co.th//р╕кр╣Йр╕бр╣Вр╕нр╕Вр╕▓р╕зр╣Гр╕лр╕Нр╣Ир╕нр╕▒р╕бр╕Юр╕зр╕▓-р╕лр╕зр╕▓р╕Щр╕Йр╣Ир╕│-р╣Др╕бр╣Ир╕бр╕╡р╣Ар╕бр╕ер╣Зр╕Фр╕Ьр╣Ир╕▓р╕Щр╕бр╕▓р╕Хр╕гр╕Рр╕▓р╕ЩGAP-р╕Ыр╕ер╕нр╕Фр╕кр╕▓р╕гр╕Юр╕┤р╕йр╣Бр╕ер╕░р╕кр╕▓р╕гр╣Ар╕Др╕бр╕╡р╕Хр╕Бр╕Др╣Йр╕▓р╕З-i.20987826.4236509561
10,ЁЯМЯ#р╕кр╣Йр╕бр╣Вр╕нр╕лр╕зр╕▓р╕Щр╕кр╣Йр╕бр╣Вр╕нр╕Вр╕▓р╕зр╣Гр╕лр╕Нр╣Ир╕нр╕▒р╕бр╕Юр╕зр╕▓тЬитЬитЬи ЁЯШК р╕кр╣Йр╕бр╣Вр╕нр╕кр╕зр╕Щр╕нр╕▓р╕бр╣Ир╕▓р╕нр╕гр╣Ир╕нр╕вр╕бр╕зр╣Кр╕▓р╕Бр╕Б ЁЯШК,р╕┐60 - р╕┐150,general,82.0,4.8824,р╕Ир╕▒р╕Зр╕лр╕зр╕▒р╕Фр╕Бр╕гр╕╕р╕Зр╣Ар╕Чр╕Юр╕бр╕лр╕▓р╕Щр╕Др╕г,https://cf.shopee.co.th/file/80c140097356c6ecef76b91f7f1e3786_tn,https://shopee.co.th//ЁЯМЯ-р╕кр╣Йр╕бр╣Вр╕нр╕лр╕зр╕▓р╕Щр╕кр╣Йр╕бр╣Вр╕нр╕Вр╕▓р╕зр╣Гр╕лр╕Нр╣Ир╕нр╕▒р╕бр╕Юр╕зр╕▓тЬитЬитЬи-ЁЯШК-р╕кр╣Йр╕бр╣Вр╕нр╕кр╕зр╕Щр╕нр╕▓р╕бр╣Ир╕▓р╕нр╕гр╣Ир╕нр╕вр╕бр╕зр╣Кр╕▓р╕Бр╕Б-ЁЯШК-i.283578752.9439315010
11,р╕кр╣Йр╕бр╣Вр╕нр╕Вр╕▓р╕зр╣Бр╕Хр╕Зр╕Бр╕зр╕▓ р╕Кр╕▒р╕вр╕Щр╕▓р╕Ч 1.5-1.7 р╕Бр╕┤р╣Вр╕ер╕Бр╕гр╕▒р╕б,р╕┐100,general,14.0,5.0,р╕Ир╕▒р╕Зр╕лр╕зр╕▒р╕Фр╕Кр╕▒р╕вр╕Щр╕▓р╕Ч,https://cf.shopee.co.th/file/4a59687e5cb0cc58a0cf9ff39ecd7ba3_tn,https://shopee.co.th//р╕кр╣Йр╕бр╣Вр╕нр╕Вр╕▓р╕зр╣Бр╕Хр╕Зр╕Бр╕зр╕▓-р╕Кр╕▒р╕вр╕Щр╕▓р╕Ч-1.5-1.7-р╕Бр╕┤р╣Вр╕ер╕Бр╕гр╕▒р╕б-i.48312792.4878880674
12,ЁЯНТр╕кр╣Йр╕бр╣Вр╕нр╕Чр╕▒р╕Ър╕Чр╕┤р╕бр╕кр╕вр╕▓р╕б р╕гр╕кр╕Кр╕▓р╕Хр╕┤р╕Фр╕╡ р╣Ар╕кр╕╡р╕вр╕Ър╕вр╕нр╕Ф р╕Хр╣Йр╕Щр╣Ар╕ер╣Зр╕Б25cm р╕Цр╕╕р╕Зр╣Ар╕ер╣Зр╕Б,р╕┐99,р╕гр╣Йр╕▓р╕Щр╣Бр╕Щр╕░р╕Щр╕│,496.0,4.8434,р╕Ир╕▒р╕Зр╕лр╕зр╕▒р╕Фр╕Щр╕Др╕гр╕Ыр╕Рр╕б,https://cf.shopee.co.th/file/8f6b3475ab877912ab7053c2992306a7_tn,https://shopee.co.th//ЁЯНТр╕кр╣Йр╕бр╣Вр╕нр╕Чр╕▒р╕Ър╕Чр╕┤р╕бр╕кр╕вр╕▓р╕б-р╕гр╕кр╕Кр╕▓р╕Хр╕┤р╕Фр╕╡-р╣Ар╕кр╕╡р╕вр╕Ър╕вр╕нр╕Ф-р╕Хр╣Йр╕Щр╣Ар╕ер╣Зр╕Б25cm-р╕Цр╕╕р╕Зр╣Ар╕ер╣Зр╕Б-i.115877699.7551590304
13,р╕кр╣Йр╕бр╣Вр╕нр╕Вр╕▓р╕зр╕Щр╣Йр╕│р╕Ьр╕╢р╣Йр╕Зр╕Вр╕нр╕Зр╣Бр╕Чр╣Йр╕Ир╕▓р╕Бр╕Щр╕Др╕гр╕Ыр╕Рр╕б,р╕┐50,general,75.0,4.5,р╕Ир╕▒р╕Зр╕лр╕зр╕▒р╕Фр╕Щр╕Др╕гр╕Ыр╕Рр╕б,https://cf.shopee.co.th/file/860c3ac097c896a95f9be2134d9ba468_tn,https://shopee.co.th//р╕кр╣Йр╕бр╣Вр╕нр╕Вр╕▓р╕зр╕Щр╣Йр╕│р╕Ьр╕╢р╣Йр╕Зр╕Вр╕нр╕Зр╣Бр╕Чр╣Йр╕Ир╕▓р╕Бр╕Щр╕Др╕гр╕Ыр╕Рр╕б-i.205673119.8910638663
14,р╕кр╣Йр╕бр╣Вр╕н р╕Вр╕▓р╕зр╣Гр╕лр╕Нр╣И р╕Вр╕нр╕Зр╕нр╕гр╣Ир╕нр╕вр╕кр╕бр╕╕р╕Чр╕гр╕кр╕Зр╕Др╕гр╕▓р╕б,р╕┐89 - р╕┐139,general,284.0,4.9565,р╕Ир╕▒р╕Зр╕лр╕зр╕▒р╕Фр╕кр╕бр╕╕р╕Чр╕гр╕кр╕Зр╕Др╕гр╕▓р╕б,https://cf.shopee.co.th/file/73eb743e3312451bea60c4c5903d2dbd_tn,https://shopee.co.th//р╕кр╣Йр╕бр╣Вр╕н-р╕Вр╕▓р╕зр╣Гр╕лр╕Нр╣И-р╕Вр╕нр╕Зр╕нр╕гр╣Ир╕нр╕вр╕кр╕бр╕╕р╕Чр╕гр╕кр╕Зр╕Др╕гр╕▓р╕б-i.7413958.6534097131
15,тЪбр╣Гр╕кр╣Ир╣Вр╕Др╣Йр╕Ф SHA4ZIJH0X р╕ер╕Ф 80 р╕Ър╕▓р╕ЧтЪб р╕кр╣Йр╕бр╣Вр╕н р╕кр╣Йр╕бр╣Вр╕нр╕Вр╕▓р╕зр╣Бр╕Хр╕Зр╕Бр╕зр╕▓ р╕Щр╣Йр╕│р╕лр╕Щр╕▒р╕Бр╕Хр╣Ир╕нр╕ер╕╣р╕Бр╕Ыр╕гр╕░р╕бр╕▓р╕У 1-1.1 р╕Бр╕┤р╣Вр╕ер╕Бр╕гр╕▒р╕б р╕лр╕зр╕▓р╕Щ р╕Бр╕гр╕нр╕Ъ р╣Ар╕Ыр╕гр╕╡р╣Йр╕вр╕зр╕нр╕бр╕лр╕зр╕▓р╕Щ р╕гр╕кр╕Ир╕▒р╕Ф,р╕┐95,р╕гр╣Йр╕▓р╕Щр╣Бр╕Щр╕░р╕Щр╕│,684.0,4.609,р╕Ир╕▒р╕Зр╕лр╕зр╕▒р╕Фр╕Кр╕▒р╕вр╕Щр╕▓р╕Ч,https://cf.shopee.co.th/file/71245d9c17224d0644fd87d71ae8c025_tn,https://shopee.co.th//тЪбр╣Гр╕кр╣Ир╣Вр╕Др╣Йр╕Ф-SHA4ZIJH0X-р╕ер╕Ф-80-р╕Ър╕▓р╕ЧтЪб-р╕кр╣Йр╕бр╣Вр╕н-р╕кр╣Йр╕бр╣Вр╕нр╕Вр╕▓р╕зр╣Бр╕Хр╕Зр╕Бр╕зр╕▓-р╕Щр╣Йр╕│р╕лр╕Щр╕▒р╕Бр╕Хр╣Ир╕нр╕ер╕╣р╕Бр╕Ыр╕гр╕░р╕бр╕▓р╕У-1-1.1-р╕Бр╕┤р╣Вр╕ер╕Бр╕гр╕▒р╕б-р╕лр╕зр╕▓р╕Щ-р╕Бр╕гр╕нр╕Ъ-р╣Ар╕Ыр╕гр╕╡р╣Йр╕вр╕зр╕нр╕бр╕лр╕зр╕▓р╕Щ-р╕гр╕кр╕Ир╕▒р╕Ф-i.78844268.2581909467
16,р╕кр╣Йр╕бр╣Вр╕нр╕Вр╕▓р╕зр╕Щр╣Йр╕│р╕Ьр╕╢р╣Йр╕Зр╕Щр╕Др╕гр╕Ыр╕Рр╕б (р╕Ир╕▒р╕Фр╕кр╣Ир╕Зр╕Яр╕гр╕╡),р╕┐180,general,2.0,5.0,р╕Ир╕▒р╕Зр╕лр╕зр╕▒р╕Фр╕Щр╕Др╕гр╕Ыр╕Рр╕б,https://cf.shopee.co.th/file/9f569b953a59a0fb9d11df9d9d33173b_tn,https://shopee.co.th//р╕кр╣Йр╕бр╣Вр╕нр╕Вр╕▓р╕зр╕Щр╣Йр╕│р╕Ьр╕╢р╣Йр╕Зр╕Щр╕Др╕гр╕Ыр╕Рр╕б-(р╕Ир╕▒р╕Фр╕кр╣Ир╕Зр╕Яр╕гр╕╡)-i.83598172.8955295885
17,ЁЯМЯЁЯФер╣Вр╕Ыр╕гр╕кр╣Ир╕Зр╕Яр╕гр╕╡ЁЯФе#р╕кр╣Йр╕бр╣Вр╕нр╕Вр╕▓р╕зр╣Гр╕лр╕Нр╣Ир╕нр╕▒р╕бр╕Юр╕зр╕▓р╕Ир╕▒р╕Фр╣Ар╕Лр╕Х3р╕ер╕╣р╕Б299р╕┐тЬитЬитЬир╕кр╣Йр╕бр╣Вр╕нр╕кр╕зр╕Щр╕нр╕▓р╕бр╣Ир╕▓ЁЯМЯр╕кр╣Йр╕бр╣Вр╕нр╕нр╕▒р╕бр╕Юр╕зр╕▓ЁЯМЯр╕Вр╕нр╕Зр╕Фр╕╡р╕Ир╕▒р╕Зр╕лр╕зр╕▒р╕Фр╕кр╕бр╕╕р╕Чр╕гр╕кр╕Зр╕Др╕гр╕▓р╕бтЬитЬитЬи,р╕┐299,general,3.0,5.0,р╕Ир╕▒р╕Зр╕лр╕зр╕▒р╕Фр╕Бр╕гр╕╕р╕Зр╣Ар╕Чр╕Юр╕бр╕лр╕▓р╕Щр╕Др╕г,https://cf.shopee.co.th/file/49e9bb2f34242fb9e58afdaf3a5acdce_tn,https://shopee.co.th//ЁЯМЯЁЯФер╣Вр╕Ыр╕гр╕кр╣Ир╕Зр╕Яр╕гр╕╡ЁЯФе-р╕кр╣Йр╕бр╣Вр╕нр╕Вр╕▓р╕зр╣Гр╕лр╕Нр╣Ир╕нр╕▒р╕бр╕Юр╕зр╕▓р╕Ир╕▒р╕Фр╣Ар╕Лр╕Х3р╕ер╕╣р╕Б299р╕┐тЬитЬитЬир╕кр╣Йр╕бр╣Вр╕нр╕кр╕зр╕Щр╕нр╕▓р╕бр╣Ир╕▓ЁЯМЯр╕кр╣Йр╕бр╣Вр╕нр╕нр╕▒р╕бр╕Юр╕зр╕▓ЁЯМЯр╕Вр╕нр╕Зр╕Фр╕╡р╕Ир╕▒р╕Зр╕лр╕зр╕▒р╕Фр╕кр╕бр╕╕р╕Чр╕гр╕кр╕Зр╕Др╕гр╕▓р╕бтЬитЬитЬи-i.283578752.8553146384
18,р╕кр╣Йр╕бр╣Вр╕нр╕Вр╕▓р╕зр╕Щр╣Йр╕│р╕Ьр╕╢р╣Йр╕Зр╕Щр╕Др╕гр╕Ыр╕Рр╕бр╕Вр╕нр╕Зр╣Бр╕Чр╣Й,р╕┐70,general,73.0,4.9,р╕Ир╕▒р╕Зр╕лр╕зр╕▒р╕Фр╕Щр╕Др╕гр╕Ыр╕Рр╕б,https://cf.shopee.co.th/file/d22b037addcab41a2dd1b891ad36a687_tn,https://shopee.co.th//р╕кр╣Йр╕бр╣Вр╕нр╕Вр╕▓р╕зр╕Щр╣Йр╕│р╕Ьр╕╢р╣Йр╕Зр╕Щр╕Др╕гр╕Ыр╕Рр╕бр╕Вр╕нр╕Зр╣Бр╕Чр╣Й-i.205673119.5377009232
19,р╣Ар╕Ыр╕ер╕╖р╕нр╕Бр╕кр╣Йр╕бр╣Вр╕нр╣Ар╕Кр╕╖р╣Ир╕нр╕бр╣Бр╕лр╣Йр╕З р╣Др╕бр╣Ир╕бр╕╡р╕Щр╣Йр╕│р╣Ар╕Кр╕╖р╣Ир╕нр╕б р╕Бр╕гр╕нр╕Ър╕нр╕гр╣Ир╕нр╕в р╕лр╕зр╕▓р╕Щр╣Бр╕Ър╕Ър╕Юр╕нр╕Фр╕╡р╕лр╕нр╕бр╕лр╕Щр╕╢р╕Ър╕лр╕Щр╕▒р╕Ър╕нр╕гр╣Ир╕нр╕в500р╕Бр╕гр╕▒р╕б р╕гр╕▓р╕Др╕▓70р╕Ър╕▓р╕Ч,р╕┐60,р╕гр╣Йр╕▓р╕Щр╣Бр╕Щр╕░р╕Щр╕│,32.0,4.8571,р╕Ир╕▒р╕Зр╕лр╕зр╕▒р╕Фр╕Юр╕гр╕░р╕Щр╕Др╕гр╕ир╕гр╕╡р╕нр╕вр╕╕р╕Шр╕вр╕▓,https://cf.shopee.co.th/file/1459c5f671a9892fcc314c52effb504f_tn,https://shopee.co.th//р╣Ар╕Ыр╕ер╕╖р╕нр╕Бр╕кр╣Йр╕бр╣Вр╕нр╣Ар╕Кр╕╖р╣Ир╕нр╕бр╣Бр╕лр╣Йр╕З-р╣Др╕бр╣Ир╕бр╕╡р╕Щр╣Йр╕│р╣Ар╕Кр╕╖р╣Ир╕нр╕б-р╕Бр╕гр╕нр╕Ър╕нр╕гр╣Ир╕нр╕в-р╕лр╕зр╕▓р╕Щр╣Бр╕Ър╕Ър╕Юр╕нр╕Фр╕╡р╕лр╕нр╕бр╕лр╕Щр╕╢р╕Ър╕лр╕Щр╕▒р╕Ър╕нр╕гр╣Ир╕нр╕в500р╕Бр╕гр╕▒р╕б-р╕гр╕▓р╕Др╕▓70р╕Ър╕▓р╕Ч-i.137267693.9634452992
20,ЁЯНТр╕кр╣Йр╕бр╣Вр╕нр╣Бр╕Фр╕Зр╣Ар╕зр╕╡р╕вр╕Фр╕Щр╕▓р╕б р╕нр╕нр╕Бр╕Ьр╕ер╕Хр╕ер╕нр╕Фр╕Чр╕▒р╣Йр╕Зр╕Ыр╕╡ р╣Ар╕кр╕╡р╕вр╕Ър╕вр╕нр╕Ф 30cm р╕Юр╕▒р╕Щр╕Шр╕╕р╣МтАЛр╣Бр╕Чр╣ЙЁЯТп,р╕┐129,р╕гр╣Йр╕▓р╕Щр╣Бр╕Щр╕░р╕Щр╕│,153.0,4.8889,р╕Ир╕▒р╕Зр╕лр╕зр╕▒р╕Фр╕Щр╕Др╕гр╕Ыр╕Рр╕б,https://cf.shopee.co.th/file/1d5e9385408220dd687d068fe4d7014d_tn,https://shopee.co.th//ЁЯНТр╕кр╣Йр╕бр╣Вр╕нр╣Бр╕Фр╕Зр╣Ар╕зр╕╡р╕вр╕Фр╕Щр╕▓р╕б-р╕нр╕нр╕Бр╕Ьр╕ер╕Хр╕ер╕нр╕Фр╕Чр╕▒р╣Йр╕Зр╕Ыр╕╡-р╣Ар╕кр╕╡р╕вр╕Ър╕вр╕нр╕Ф-30cm-р╕Юр╕▒р╕Щр╕Шр╕╕р╣МтАЛр╣Бр╕Чр╣ЙЁЯТп-i.115877699.9225956903
21,р╕кр╣Йр╕бр╣Вр╕нр╕Вр╕▓р╕зр╣Бр╕Хр╕Зр╕Бр╕зр╕▓ р╕лр╕зр╕▓р╕Щ р╕нр╕гр╣Ир╕нр╕в р╣Ар╕Ир╣Йр╕▓р╕Вр╕нр╕Зр╕кр╕зр╕Щр╕Вр╕▓р╕вр╣Ар╕нр╕З р╣Ар╕Бр╣Зр╕Ър╕кр╕Фр╕Ир╕▓р╕Бр╕Хр╣Йр╕ЩтАЛ р╕Ыр╕ер╕нр╕Фр╕кр╕▓р╕г,р╕┐30,р╕гр╣Йр╕▓р╕Щр╣Бр╕Щр╕░р╕Щр╕│,108.0,3.975,р╕Ир╕▒р╕Зр╕лр╕зр╕▒р╕Фр╕ер╕│р╕Ыр╕▓р╕З,https://cf.shopee.co.th/file/743e3242425a99d5045df44cd44f7e51_tn,https://shopee.co.th//р╕кр╣Йр╕бр╣Вр╕нр╕Вр╕▓р╕зр╣Бр╕Хр╕Зр╕Бр╕зр╕▓-р╕лр╕зр╕▓р╕Щ-р╕нр╕гр╣Ир╕нр╕в-р╣Ар╕Ир╣Йр╕▓р╕Вр╕нр╕Зр╕кр╕зр╕Щр╕Вр╕▓р╕вр╣Ар╕нр╕З-р╣Ар╕Бр╣Зр╕Ър╕кр╕Фр╕Ир╕▓р╕Бр╕Хр╣Йр╕ЩтАЛ-р╕Ыр╕ер╕нр╕Фр╕кр╕▓р╕г-i.52399708.7648241613
22,"р╕кр╣Йр╕бр╣Вр╕нр╕кр╕▓р╕вр╕Щр╣Йр╕│р╕Ьр╕╢р╣Йр╕Зр╕Ыр╕ер╕нр╕Фр╕кр╕▓р╕гр╕Юр╕┤р╕й100,,%р╕гр╕кр╣Ар╕Ыр╕гр╕╡р╣Йр╕вр╕зр╕лр╕зр╕▓р╕Щ",р╕┐30,general,31.0,4.7273,р╕Ир╕▒р╕Зр╕лр╕зр╕▒р╕Фр╕ер╕│р╕Ыр╕▓р╕З,https://cf.shopee.co.th/file/d4d8effdce79db39cf9f5b50dafd5047_tn,https://shopee.co.th//р╕кр╣Йр╕бр╣Вр╕нр╕кр╕▓р╕вр╕Щр╣Йр╕│р╕Ьр╕╢р╣Йр╕Зр╕Ыр╕ер╕нр╕Фр╕кр╕▓р╕гр╕Юр╕┤р╕й100-р╕гр╕кр╣Ар╕Ыр╕гр╕╡р╣Йр╕вр╕зр╕лр╕зр╕▓р╕Щ-i.67863051.7259342253
23,р╕кр╣Йр╕бр╣Вр╕нр╣Бр╕Фр╕Зр╣Ар╕зр╕╡р╕вр╕Фр╕Щр╕▓р╕бр╣Ар╕Юр╕▓р╕░р╣Ар╕бр╕ер╣Зр╕Ф,р╕┐35,general,135.0,4.6,р╕Ир╕▒р╕Зр╕лр╕зр╕▒р╕Фр╕кр╕Бр╕ер╕Щр╕Др╕г,https://cf.shopee.co.th/file/0adff326e63a720a1939eb44f41e097c_tn,https://shopee.co.th//р╕кр╣Йр╕бр╣Вр╕нр╣Бр╕Фр╕Зр╣Ар╕зр╕╡р╕вр╕Фр╕Щр╕▓р╕бр╣Ар╕Юр╕▓р╕░р╣Ар╕бр╕ер╣Зр╕Ф-i.334687852.8604451194
24,р╕кр╣Йр╕бр╣Вр╕нр╕Чр╕▒р╕Ър╕Чр╕┤р╕бр╕кр╕вр╕▓р╕бр╕кр╕╣р╕З40-50р╕Лр╕б.р╣Ар╕кр╕╡р╕вр╕Ър╕вр╕нр╕Фр╣Бр╕Чр╣Й100%р╕Ир╕▓р╕Бр╕Ыр╕▓р╕Бр╕Юр╕Щр╕▒р╕З,р╕┐100,р╕гр╣Йр╕▓р╕Щр╣Бр╕Щр╕░р╕Щр╕│,75.0,4.7895,р╕Ир╕▒р╕Зр╕лр╕зр╕▒р╕Фр╕Кр╕╕р╕бр╕Юр╕г,https://cf.shopee.co.th/file/a6ceaffee7768f032faab4fe4052a287_tn,https://shopee.co.th//р╕кр╣Йр╕бр╣Вр╕нр╕Чр╕▒р╕Ър╕Чр╕┤р╕бр╕кр╕вр╕▓р╕бр╕кр╕╣р╕З40-50р╕Лр╕б.р╣Ар╕кр╕╡р╕вр╕Ър╕вр╕нр╕Фр╣Бр╕Чр╣Й100-р╕Ир╕▓р╕Бр╕Ыр╕▓р╕Бр╕Юр╕Щр╕▒р╕З-i.94795383.4568881992
25,р╕Др╕▒р╕Фр╣Ар╕Бр╕гр╕Ф A!! р╕кр╣Йр╕бр╣Вр╕нр╕Вр╕▓р╕зр╕Щр╣Йр╕│р╕Ьр╕╢р╣Йр╕З 1.3-1.5 kgр╕Ыр╕ер╕нр╕Фр╕кр╕▓р╕гр╕Юр╕┤р╕йр╕Ър╣Йр╕▓р╕Щр╣Др╕гр╣Ир╕зр╕╡р╕гр╕Бр╕╕р╕е,р╕┐79,general,21.0,5.0,р╕Ир╕▒р╕Зр╕лр╕зр╕▒р╕Фр╕Юр╕┤р╕Ир╕┤р╕Хр╕г,https://cf.shopee.co.th/file/96042409c541a3443dc25bec2bd5a6bf_tn,https://shopee.co.th//р╕Др╕▒р╕Фр╣Ар╕Бр╕гр╕Ф-A!!-р╕кр╣Йр╕бр╣Вр╕нр╕Вр╕▓р╕зр╕Щр╣Йр╕│р╕Ьр╕╢р╣Йр╕З-1.3-1.5-kgр╕Ыр╕ер╕нр╕Фр╕кр╕▓р╕гр╕Юр╕┤р╕йр╕Ър╣Йр╕▓р╕Щр╣Др╕гр╣Ир╕зр╕╡р╕гр╕Бр╕╕р╕е-i.35776056.8104194572
26,тЬЕр╕Цр╕╣р╕Бр╕Чр╕╡р╣Ир╕кр╕╕р╕ФтЬЕ р╕кр╣Йр╕бр╣Вр╕нр╕Вр╕▓р╕зр╣Гр╕лр╕Нр╣Ир╕нр╕▒р╕бр╕Юр╕зр╕▓ р╕Ыр╕ер╕нр╕Фр╕кр╕▓р╕гр╕Юр╕┤р╕й р╕кр╣Ир╕Зр╕Хр╕гр╕Зр╕Ир╕▓р╕Бр╕кр╕зр╕Щ,р╕┐59 - р╕┐100,general,44.0,4.1667,р╕Ир╕▒р╕Зр╕лр╕зр╕▒р╕Фр╕Бр╕гр╕╕р╕Зр╣Ар╕Чр╕Юр╕бр╕лр╕▓р╕Щр╕Др╕г,https://cf.shopee.co.th/file/d11f10dcbc98f873b4683e99d7fc058a_tn,https://shopee.co.th//тЬЕр╕Цр╕╣р╕Бр╕Чр╕╡р╣Ир╕кр╕╕р╕ФтЬЕ-р╕кр╣Йр╕бр╣Вр╕нр╕Вр╕▓р╕зр╣Гр╕лр╕Нр╣Ир╕нр╕▒р╕бр╕Юр╕зр╕▓-р╕Ыр╕ер╕нр╕Фр╕кр╕▓р╕гр╕Юр╕┤р╕й-р╕кр╣Ир╕Зр╕Хр╕гр╕Зр╕Ир╕▓р╕Бр╕кр╕зр╕Щ-i.181890020.7843517190
27,ЁЯНРр╕кр╣Йр╕бр╣Вр╕нр╕Вр╕▓р╕зр╣Гр╕лр╕Нр╣И р╕кр╣Йр╕бр╣Вр╕нр╕Вр╕нр╕Зр╕Фр╕╡р╣Ар╕бр╕╖р╕нр╕Зр╕Щр╕Др╕гр╕Ыр╕Рр╕бЁЯНР,р╕┐119,р╕гр╣Йр╕▓р╕Щр╣Бр╕Щр╕░р╕Щр╕│,56.0,4.9,р╕Ир╕▒р╕Зр╕лр╕зр╕▒р╕Фр╕Щр╕Др╕гр╕Ыр╕Рр╕б,https://cf.shopee.co.th/file/c458cb0ec23872c6ca76eb1244f6f4ad_tn,https://shopee.co.th//ЁЯНРр╕кр╣Йр╕бр╣Вр╕нр╕Вр╕▓р╕зр╣Гр╕лр╕Нр╣И-р╕кр╣Йр╕бр╣Вр╕нр╕Вр╕нр╕Зр╕Фр╕╡р╣Ар╕бр╕╖р╕нр╕Зр╕Щр╕Др╕гр╕Ыр╕Рр╕бЁЯНР-i.115877699.4755962484
28,р╣Ар╕Ыр╕ер╕╖р╕нр╕Бр╕кр╣Йр╕бр╣Вр╕нр╕нр╕Ър╣Бр╕лр╣Йр╕З  р╕Вр╕Щр╕▓р╕Ф100-500р╕Бр╕гр╕▒р╕б,р╕┐20 - р╕┐85,general,90.0,4.8511,р╕Ир╕▒р╕Зр╕лр╕зр╕▒р╕Фр╕кр╕гр╕░р╕Ър╕╕р╕гр╕╡,https://cf.shopee.co.th/file/c02ee2ecbdf9751ceeb709da8b307520_tn,https://shopee.co.th//р╣Ар╕Ыр╕ер╕╖р╕нр╕Бр╕кр╣Йр╕бр╣Вр╕нр╕нр╕Ър╣Бр╕лр╣Йр╕З-р╕Вр╕Щр╕▓р╕Ф100-500р╕Бр╕гр╕▒р╕б-i.41251494.5535032078
29,р╕кр╣Йр╕бр╣Вр╕нр╕Вр╕▓р╕зр╕Щр╣Йр╕│р╕Ьр╕╢р╣Йр╕Зр╕Вр╕нр╕Зр╣Бр╕Чр╣Йр╕Ир╕▓р╕Бр╕Щр╕Др╕гр╕Ыр╕Рр╕б,р╕┐120,general,39.0,4.5833,р╕Ир╕▒р╕Зр╕лр╕зр╕▒р╕Фр╕Щр╕Др╕гр╕Ыр╕Рр╕б,https://cf.shopee.co.th/file/b0a563e030d8fcc6a19ce514de8ee1a4_tn,https://shopee.co.th//р╕кр╣Йр╕бр╣Вр╕нр╕Вр╕▓р╕зр╕Щр╣Йр╕│р╕Ьр╕╢р╣Йр╕Зр╕Вр╕нр╕Зр╣Бр╕Чр╣Йр╕Ир╕▓р╕Бр╕Щр╕Др╕гр╕Ыр╕Рр╕б-i.205673119.3677097539
30,р╕кр╣Йр╕бр╣Вр╕нр╕Вр╕▓р╕зр╣Бр╕Хр╕Зр╕Бр╕зр╕▓р╕Кр╕▒р╕вр╕Щр╕▓р╕Ч 1.2-1.4р╕Бр╕Б.,р╕┐85,general,55.0,4.5,р╕Ир╕▒р╕Зр╕лр╕зр╕▒р╕Фр╕Кр╕▒р╕вр╕Щр╕▓р╕Ч,https://cf.shopee.co.th/file/9decd73b1c51cb3335389ed1f4bf63ad_tn,https://shopee.co.th//р╕кр╣Йр╕бр╣Вр╕нр╕Вр╕▓р╕зр╣Бр╕Хр╕Зр╕Бр╕зр╕▓р╕Кр╕▒р╕вр╕Щр╕▓р╕Ч-1.2-1.4р╕Бр╕Б.-i.48312792.6965273858
31,р╕кр╣Йр╕бр╣Вр╕нр╕Чр╕▒р╕Ър╕Чр╕┤р╕бр╕кр╕вр╕▓р╕бр╕лр╕зр╕▓р╕Щр╕Кр╣Ир╕│р╕Кр╕╖р╣Ир╕Щр╕Др╕н,р╕┐80,general,37.0,4.4444,р╕Ир╕▒р╕Зр╕лр╕зр╕▒р╕Фр╕Ыр╕▒р╕Хр╕Хр╕▓р╕Щр╕╡,https://cf.shopee.co.th/file/a968449161373c962be75e4198d7c8c7_tn,https://shopee.co.th//р╕кр╣Йр╕бр╣Вр╕нр╕Чр╕▒р╕Ър╕Чр╕┤р╕бр╕кр╕вр╕▓р╕бр╕лр╕зр╕▓р╕Щр╕Кр╣Ир╕│р╕Кр╕╖р╣Ир╕Щр╕Др╕н-i.264379651.6154862698
32,р╕кр╣Йр╕бр╣Вр╕н р╕кр╣Йр╕бр╣Вр╕н р╕Чр╕▒р╕Ър╕Чр╕┤р╕бр╕кр╕вр╕▓р╕б,р╕┐100 - р╕┐250,general,86.0,4.4,р╕Ир╕▒р╕Зр╕лр╕зр╕▒р╕Фр╕Щр╕Др╕гр╕ир╕гр╕╡р╕Шр╕гр╕гр╕бр╕гр╕▓р╕К,https://cf.shopee.co.th/file/812c5d758292006018d388421febcbba_tn,https://shopee.co.th//р╕кр╣Йр╕бр╣Вр╕н-р╕кр╣Йр╕бр╣Вр╕н-р╕Чр╕▒р╕Ър╕Чр╕┤р╕бр╕кр╕вр╕▓р╕б-i.119490206.4563170802
33,ЁЯФер╕Вр╕╕р╣Ир╕Щр╕Юр╕гр╕░ 3 р╕ер╕╣р╕Б 200.-р╣Ар╕нр╕Зр╕Др╕гр╣Ир╕▓ЁЯФе1.3-1.5kg.р╣Ар╕Ир╣Йр╕▓р╕Вр╕нр╕Зр╕кр╕зр╕Щр╕кр╣Йр╕бр╣Вр╕нр╕Вр╕▓р╕зр╕Щр╣Йр╕│р╕Ьр╕╢р╣Йр╕Зр╕бр╕▓р╣Ар╕нр╕З,р╕┐200,general,7.0,5.0,р╕Ир╕▒р╕Зр╕лр╕зр╕▒р╕Фр╕Юр╕┤р╕Ир╕┤р╕Хр╕г,https://cf.shopee.co.th/file/679f5e20993d3f9aa27e1b6de2fafe88_tn,https://shopee.co.th//ЁЯФер╕Вр╕╕р╣Ир╕Щр╕Юр╕гр╕░-3-р╕ер╕╣р╕Б-200.-р╣Ар╕нр╕Зр╕Др╕гр╣Ир╕▓ЁЯФе1.3-1.5kg.р╣Ар╕Ир╣Йр╕▓р╕Вр╕нр╕Зр╕кр╕зр╕Щр╕кр╣Йр╕бр╣Вр╕нр╕Вр╕▓р╕зр╕Щр╣Йр╕│р╕Ьр╕╢р╣Йр╕Зр╕бр╕▓р╣Ар╕нр╕З-i.35776056.7577182879
34,р╕Юр╕▒р╕Щр╕Шр╕╕р╣Мр╕кр╣Йр╕бр╣Вр╕нр╕Вр╕▓р╕зр╕Щр╣Йр╕│р╕Ьр╕╢р╣Йр╕Зр╣Др╕гр╣Йр╣Ар╕бр╣Зр╕ФЁЯНРр╕Вр╕Щр╕▓р╕Ф60-100cm р╕Юр╕гр╣Йр╕нр╕бр╕Ыр╕ер╕╣р╕Б р╕нр╕нр╕Бр╕ер╕╣р╕Бр╕Зр╣Ир╕▓р╕вр╕бр╕▓р╕Б р╕гр╕▒р╕Ър╕Ыр╕гр╕░р╕Бр╕▒р╕Щр╕Юр╕▒р╕Щр╕Шр╕╕р╣Мр╕Ир╕▓р╕Бр╕кр╕зр╕Щр╣Вр╕Фр╕вр╕Хр╕гр╕З,р╕┐129,р╕гр╣Йр╕▓р╕Щр╣Бр╕Щр╕░р╕Щр╕│,107.0,4.7955,р╕Ир╕▒р╕Зр╕лр╕зр╕▒р╕Фр╕Щр╕Др╕гр╕Ыр╕Рр╕б,https://cf.shopee.co.th/file/b8f4966817c2e51ec27c7989ed222699_tn,https://shopee.co.th//р╕Юр╕▒р╕Щр╕Шр╕╕р╣Мр╕кр╣Йр╕бр╣Вр╕нр╕Вр╕▓р╕зр╕Щр╣Йр╕│р╕Ьр╕╢р╣Йр╕Зр╣Др╕гр╣Йр╣Ар╕бр╣Зр╕ФЁЯНРр╕Вр╕Щр╕▓р╕Ф60-100cm-р╕Юр╕гр╣Йр╕нр╕бр╕Ыр╕ер╕╣р╕Б-р╕нр╕нр╕Бр╕ер╕╣р╕Бр╕Зр╣Ир╕▓р╕вр╕бр╕▓р╕Б-р╕гр╕▒р╕Ър╕Ыр╕гр╕░р╕Бр╕▒р╕Щр╕Юр╕▒р╕Щр╕Шр╕╕р╣Мр╕Ир╕▓р╕Бр╕кр╕зр╕Щр╣Вр╕Фр╕вр╕Хр╕гр╕З-i.173777749.6900555870
35,р╕Хр╕нр╕кр╣Йр╕бр╣Вр╕н р╕кр╣Йр╕бр╣Вр╕нр╣Ар╕Юр╕▓р╕░р╣Ар╕бр╕ер╣Зр╕Ф р╣Гр╕Кр╣Йр╕Чр╕│р╕Хр╕н р╕Кр╕╕р╕Ф 6 р╕Хр╣Йр╕Щ (р╕Ир╕│р╕Бр╕▒р╕Ф 1 р╕Кр╕╕р╕Ф/р╕нр╕нр╣Ар╕Фр╕нр╕гр╣М),р╕┐100,general,3.0,5.0,р╕Ир╕▒р╕Зр╕лр╕зр╕▒р╕Фр╕Ыр╕Чр╕╕р╕бр╕Шр╕▓р╕Щр╕╡,https://cf.shopee.co.th/file/309d4449fb801d6e0cccee2c0b40db99_tn,https://shopee.co.th//р╕Хр╕нр╕кр╣Йр╕бр╣Вр╕н-р╕кр╣Йр╕бр╣Вр╕нр╣Ар╕Юр╕▓р╕░р╣Ар╕бр╕ер╣Зр╕Ф-р╣Гр╕Кр╣Йр╕Чр╕│р╕Хр╕н-р╕Кр╕╕р╕Ф-6-р╕Хр╣Йр╕Щ-(р╕Ир╕│р╕Бр╕▒р╕Ф-1-р╕Кр╕╕р╕Ф-р╕нр╕нр╣Ар╕Фр╕нр╕гр╣М)-i.9907374.5284474354
36,р╕Кр╕▓р╕кр╣Йр╕бр╣Вр╕н(р╕нр╕Ър╣Бр╕лр╣Йр╕З)250р╕Бр╕гр╕▒р╕б,р╕┐60,general,8.0,4.8,р╕Ир╕▒р╕Зр╕лр╕зр╕▒р╕Фр╕Щр╕Щр╕Чр╕Ър╕╕р╕гр╕╡,https://cf.shopee.co.th/file/0ed67c0ff12d33cec4906e36ed27d64c_tn,https://shopee.co.th//р╕Кр╕▓р╕кр╣Йр╕бр╣Вр╕н(р╕нр╕Ър╣Бр╕лр╣Йр╕З)250р╕Бр╕гр╕▒р╕б-i.156446988.3254281700
37,р╕кр╣Йр╕бр╣Вр╕нр╕Вр╕▓р╕зр╕Щр╣Йр╕│р╕Ьр╕╢р╣Йр╕З *р╣Др╕гр╣Йр╕кр╕▓р╕гр╕Юр╕┤р╕й* р╕Ир╕▓р╕Бр╕кр╕зр╕Щр╕кр╕╕р╕зр╕┤р╕бр╕е(р╕Чр╕нр╕Зр╕Ьр╕▓р╕ар╕╣р╕бр╕┤),р╕┐70,general,335.0,4.8571,р╕Ир╕▒р╕Зр╕лр╕зр╕▒р╕Фр╕Бр╕▓р╕Нр╕Ир╕Щр╕Ър╕╕р╕гр╕╡,https://cf.shopee.co.th/file/d955bd5db08cc0b825abe7736affd125_tn,https://shopee.co.th//р╕кр╣Йр╕бр╣Вр╕нр╕Вр╕▓р╕зр╕Щр╣Йр╕│р╕Ьр╕╢р╣Йр╕З-*р╣Др╕гр╣Йр╕кр╕▓р╕гр╕Юр╕┤р╕й*-р╕Ир╕▓р╕Бр╕кр╕зр╕Щр╕кр╕╕р╕зр╕┤р╕бр╕е(р╕Чр╕нр╕Зр╕Ьр╕▓р╕ар╕╣р╕бр╕┤)-i.7879354.4726154668
38,р╕кр╣Йр╕бр╣Вр╕нр╕Чр╕нр╕Зр╕Фр╕╡ р╕Бр╕┤р╣Ир╕Зр╕Хр╕нр╕Щр╕Юр╕гр╣Йр╕нр╕бр╕Ыр╕ер╕╣р╕Бр╕Вр╕Щр╕▓р╕Ф70-80cm р╕гр╕▒р╕Ър╕Ыр╕гр╕░р╕Бр╕▒р╕Щр╕Юр╕▒р╕Щр╕Шр╕╕р╣Мр╕Ир╕▓р╕Бр╕кр╕зр╕Щр╣Вр╕Фр╕вр╕Хр╕гр╕З,р╕┐100,р╕гр╣Йр╕▓р╕Щр╣Бр╕Щр╕░р╕Щр╕│,135.0,4.5161,р╕Ир╕▒р╕Зр╕лр╕зр╕▒р╕Фр╕Щр╕Др╕гр╕Ыр╕Рр╕б,https://cf.shopee.co.th/file/6397ffd8d6440e88e4132afc91fc60cf_tn,https://shopee.co.th//р╕кр╣Йр╕бр╣Вр╕нр╕Чр╕нр╕Зр╕Фр╕╡-р╕Бр╕┤р╣Ир╕Зр╕Хр╕нр╕Щр╕Юр╕гр╣Йр╕нр╕бр╕Ыр╕ер╕╣р╕Бр╕Вр╕Щр╕▓р╕Ф70-80cm-р╕гр╕▒р╕Ър╕Ыр╕гр╕░р╕Бр╕▒р╕Щр╕Юр╕▒р╕Щр╕Шр╕╕р╣Мр╕Ир╕▓р╕Бр╕кр╕зр╕Щр╣Вр╕Фр╕вр╕Хр╕гр╕З-i.173777749.4134298766
39,р╕кр╣Йр╕бр╣Вр╕нр╕Юр╕▒р╕Щр╕Шр╕╕р╣Мр╕Вр╕▓р╕зр╣Гр╕лр╕Нр╣Ир╕н.р╕нр╕▒р╕бр╕Юр╕зр╕▓р╕И.р╕кр╕бр╕╕р╕Чр╕гр╕кр╕Зр╕Др╕гр╕▓р╕б1р╕ер╕╣р╕Б,р╕┐70,р╕гр╣Йр╕▓р╕Щр╣Бр╕Щр╕░р╕Щр╕│,117.0,4.8,р╕Ир╕▒р╕Зр╕лр╕зр╕▒р╕Фр╕Щр╕Щр╕Чр╕Ър╕╕р╕гр╕╡,https://cf.shopee.co.th/file/3e2e4f3bb50fc0a77517b96bc6356eec_tn,https://shopee.co.th//р╕кр╣Йр╕бр╣Вр╕нр╕Юр╕▒р╕Щр╕Шр╕╕р╣Мр╕Вр╕▓р╕зр╣Гр╕лр╕Нр╣Ир╕н.р╕нр╕▒р╕бр╕Юр╕зр╕▓р╕И.р╕кр╕бр╕╕р╕Чр╕гр╕кр╕Зр╕Др╕гр╕▓р╕б1р╕ер╕╣р╕Б-i.47117450.7029824452
40,7*18р╕кр╕╡р╕Яр╣Йр╕▓р╕Цр╕╕р╕Зр╕лр╣Ир╕нр╕лр╣Ир╕нр╕Кр╕бр╕Юр╕╣р╣И 1 р╣Бр╕Юр╕Д р╕бр╕░р╕бр╣Ир╕зр╕З р╕Эр╕гр╕▒р╣Ир╕З р╣Ар╕бр╕ер╕нр╕Щ р╕кр╣Йр╕бр╣Вр╕н р╕ер╕нр╕Зр╕Бр╕нр╕З р╕бр╕╡р╕гр╕╣р╕гр╕░р╕Ър╕▓р╕вр╕нр╕▓р╕Бр╕▓р╕ир╕Чр╣Йр╕▓р╕вр╕Цр╕╕р╕З р╕кр╕╡р╕Яр╣Йр╕▓р╣Гр╕кр╣Др╕бр╣Ир╕Бр╕▒р╕Щр╣Бр╕Фр╕Фр╣Бр╕Хр╣Ир╕Юр╕гр╣Ир╕▓р╕Зр╣Бр╕кр╕З,р╕┐23,general,2.0,5.0,р╕Ир╕▒р╕Зр╕лр╕зр╕▒р╕Фр╕лр╕Щр╕нр╕Зр╕Ър╕▒р╕зр╕ер╕│р╕ар╕╣,https://cf.shopee.co.th/file/bc1d1381d2e3e19a9a43cb4f78830192_tn,https://shopee.co.th//7*18р╕кр╕╡р╕Яр╣Йр╕▓р╕Цр╕╕р╕Зр╕лр╣Ир╕нр╕лр╣Ир╕нр╕Кр╕бр╕Юр╕╣р╣И-1-р╣Бр╕Юр╕Д-р╕бр╕░р╕бр╣Ир╕зр╕З-р╕Эр╕гр╕▒р╣Ир╕З-р╣Ар╕бр╕ер╕нр╕Щ-р╕кр╣Йр╕бр╣Вр╕н-р╕ер╕нр╕Зр╕Бр╕нр╕З-р╕бр╕╡р╕гр╕╣р╕гр╕░р╕Ър╕▓р╕вр╕нр╕▓р╕Бр╕▓р╕ир╕Чр╣Йр╕▓р╕вр╕Цр╕╕р╕З-р╕кр╕╡р╕Яр╣Йр╕▓р╣Гр╕кр╣Др╕бр╣Ир╕Бр╕▒р╕Щр╣Бр╕Фр╕Фр╣Бр╕Хр╣Ир╕Юр╕гр╣Ир╕▓р╕Зр╣Бр╕кр╕З-i.165217033.9040866676
41,р╕кр╣Йр╕бр╣Вр╕нр╕Вр╕▓р╕зр╣Гр╕лр╕Нр╣И р╣Ар╕Ыр╕ер╕╖р╕нр╕Бр╕Ър╕▓р╕З р╣Ар╕Щр╕╖р╣Йр╕нр╕Фр╕╡,р╕┐89,general,12.0,4.75,р╕Ир╕▒р╕Зр╕лр╕зр╕▒р╕Фр╕кр╕бр╕╕р╕Чр╕гр╕кр╕Зр╕Др╕гр╕▓р╕б,https://cf.shopee.co.th/file/ed872ba9a06178fb0d78bdd7a5649624_tn,https://shopee.co.th//р╕кр╣Йр╕бр╣Вр╕нр╕Вр╕▓р╕зр╣Гр╕лр╕Нр╣И-р╣Ар╕Ыр╕ер╕╖р╕нр╕Бр╕Ър╕▓р╕З-р╣Ар╕Щр╕╖р╣Йр╕нр╕Фр╕╡-i.7413958.7877634657
42,Bio Bitt р╣Др╕Ър╣Вр╕нр╕Ър╕┤р╕Ч р╕кр╕▓р╕гр╕кр╕Бр╕▒р╕Фр╕Ир╕▓р╕Бр╕Цр╕▒р╣Ир╕зр╕Вр╕▓р╕з р╕бр╕░р╕гр╕░р╕Вр╕╡р╣Йр╕Щр╕Б р╣Др╕Ър╣Вр╕нр╕Яр╕ер╕▓р╣Вр╕зр╕Щр╕нр╕вр╕Фр╣Мр╕Ир╕▓р╕Бр╣Ар╕Ыр╕ер╕╖р╕нр╕Бр╕кр╣Йр╕бр╣Вр╕н р╕Ыр╣Лр╕▓р╕кр╕▒р╕Щр╕Хр╕┤ р╕лр╕бр╕нр╕Щр╕нр╕Бр╕Бр╕░р╕ер╕▓ 60р╣Ар╕бр╣Зр╕Ф,р╕┐720,р╕гр╣Йр╕▓р╕Щр╣Бр╕Щр╕░р╕Щр╕│,253.0,4.9833,р╕Ир╕▒р╕Зр╕лр╕зр╕▒р╕Фр╕Бр╕гр╕╕р╕Зр╣Ар╕Чр╕Юр╕бр╕лр╕▓р╕Щр╕Др╕г,https://cf.shopee.co.th/file/791f24f1364e88e1ab30f7adc1c7c3bc_tn,https://shopee.co.th//Bio-Bitt-р╣Др╕Ър╣Вр╕нр╕Ър╕┤р╕Ч-р╕кр╕▓р╕гр╕кр╕Бр╕▒р╕Фр╕Ир╕▓р╕Бр╕Цр╕▒р╣Ир╕зр╕Вр╕▓р╕з-р╕бр╕░р╕гр╕░р╕Вр╕╡р╣Йр╕Щр╕Б-р╣Др╕Ър╣Вр╕нр╕Яр╕ер╕▓р╣Вр╕зр╕Щр╕нр╕вр╕Фр╣Мр╕Ир╕▓р╕Бр╣Ар╕Ыр╕ер╕╖р╕нр╕Бр╕кр╣Йр╕бр╣Вр╕н-р╕Ыр╣Лр╕▓р╕кр╕▒р╕Щр╕Хр╕┤-р╕лр╕бр╕нр╕Щр╕нр╕Бр╕Бр╕░р╕ер╕▓-60р╣Ар╕бр╣Зр╕Ф-i.106582345.3370734353
43,р╕кр╣Йр╕бр╣Вр╕нр╕Чр╕▒р╕Ър╕Чр╕┤р╕бр╕кр╕вр╕▓р╕бр╕лр╕зр╕▓р╕Щр╣Жр╣Жр╕Ыр╕▓р╕Бр╕Юр╕Щр╕▒р╕З,р╕┐150 - р╕┐280,general,9.0,4.75,р╕Ир╕▒р╕Зр╕лр╕зр╕▒р╕Фр╕Щр╕Др╕гр╕ир╕гр╕╡р╕Шр╕гр╕гр╕бр╕гр╕▓р╕К,https://cf.shopee.co.th/file/5a8f9252404436b3edc7c7eaf8fb4c82_tn,https://shopee.co.th//р╕кр╣Йр╕бр╣Вр╕нр╕Чр╕▒р╕Ър╕Чр╕┤р╕бр╕кр╕вр╕▓р╕бр╕лр╕зр╕▓р╕Щр╣Жр╣Жр╕Ыр╕▓р╕Бр╕Юр╕Щр╕▒р╕З-i.160899261.4963166067
44,р╕кр╣Йр╕бр╣Вр╕нр╕Чр╕▒р╕Ър╕Чр╕┤р╕бр╕кр╕вр╕▓р╕б р╕гр╕кр╕Кр╕▓р╕Хр╕┤р╕Фр╕╡ р╣Ар╕кр╕╡р╕вр╕Ър╕вр╕нр╕Ф 35cm р╕гр╕▒р╕Ър╕Ыр╕гр╕░р╕Бр╕▒р╕Щр╕кр╕▓р╕вр╕Юр╕▒р╕Щр╕Шр╕╕р╣Мр╣Бр╕Чр╣Й100%,р╕┐125,р╕гр╣Йр╕▓р╕Щр╣Бр╕Щр╕░р╕Щр╕│,53.0,4.6522,р╕Ир╕▒р╕Зр╕лр╕зр╕▒р╕Фр╕Щр╕Др╕гр╕Ыр╕Рр╕б,https://cf.shopee.co.th/file/d749c27248e6a8e08af5c58a16524930_tn,https://shopee.co.th//р╕кр╣Йр╕бр╣Вр╕нр╕Чр╕▒р╕Ър╕Чр╕┤р╕бр╕кр╕вр╕▓р╕б-р╕гр╕кр╕Кр╕▓р╕Хр╕┤р╕Фр╕╡-р╣Ар╕кр╕╡р╕вр╕Ър╕вр╕нр╕Ф-35cm-р╕гр╕▒р╕Ър╕Ыр╕гр╕░р╕Бр╕▒р╕Щр╕кр╕▓р╕вр╕Юр╕▒р╕Щр╕Шр╕╕р╣Мр╣Бр╕Чр╣Й100--i.173777749.6441027216
45,р╣Ар╕Ыр╕ер╕╖р╕нр╕Бр╕кр╣Йр╕бр╣Вр╕нр╣Ар╕Кр╕╖р╣Ир╕нр╕бр╣Бр╕лр╣Йр╕З 1р╕Бр╕┤р╣Вр╕ер╕гр╕▓р╕Др╕▓130р╕Ър╕▓р╕Ч,р╕┐130,general,77.0,4.85,р╕Ир╕▒р╕Зр╕лр╕зр╕▒р╕Фр╣Ар╕Юр╕Кр╕гр╕Ър╕╕р╕гр╕╡,https://cf.shopee.co.th/file/da7ebf28be74218e095ed94e81c62a82_tn,https://shopee.co.th//р╣Ар╕Ыр╕ер╕╖р╕нр╕Бр╕кр╣Йр╕бр╣Вр╕нр╣Ар╕Кр╕╖р╣Ир╕нр╕бр╣Бр╕лр╣Йр╕З-1р╕Бр╕┤р╣Вр╕ер╕гр╕▓р╕Др╕▓130р╕Ър╕▓р╕Ч-i.56549793.7755461821
46,р╣Гр╕Кр╣Йр╣Вр╕Др╣Йр╕ФMAYINC30р╕ер╕Фр╣Ар╕Юр╕┤р╣Ир╕б30% * р╕кр╣Йр╕бр╣Вр╕нр╕зр╕гр╕Йр╕▒р╕Хр╕г (S 6 р╕ер╕╣р╕Б),р╕┐582,general,7.0,4.5,р╕Ир╕▒р╕Зр╕лр╕зр╕▒р╕Фр╕кр╕бр╕╕р╕Чр╕гр╕кр╕Зр╕Др╕гр╕▓р╕б,https://cf.shopee.co.th/file/7b3be16cdd25d2814ca906e8f7e4c342_tn,https://shopee.co.th//р╣Гр╕Кр╣Йр╣Вр╕Др╣Йр╕ФMAYINC30р╕ер╕Фр╣Ар╕Юр╕┤р╣Ир╕б30-*-р╕кр╣Йр╕бр╣Вр╕нр╕зр╕гр╕Йр╕▒р╕Хр╕г-(S-6-р╕ер╕╣р╕Б)-i.20242461.9214926224
47,р╕бр╕░р╕бр╣Ир╕зр╕Зр╣Ар╕Вр╕╡р╕вр╕зр╣Ар╕кр╕зр╕вр╕Фр╕┤р╕Ъ р╕кр╕Фр╕Ир╕▓р╕Бр╕кр╕зр╕Щ р╕Ыр╕ер╕нр╕Фр╕кр╕▓р╕гр╣Ар╕Др╕бр╕╡ р╣Бр╕Юр╣Зр╕Д 2 р╕Бр╕┤р╣Вр╕ер╕Бр╕гр╕▒р╕б(р╕Ьр╕ер╣Др╕бр╣Йр╕Хр╕▓р╕бр╕др╕Фр╕╣р╕Бр╕▓р╕е),р╕┐65,general,no sold,0.0,р╕Ир╕▒р╕Зр╕лр╕зр╕▒р╕Фр╕Щр╕Др╕гр╕гр╕▓р╕Кр╕кр╕╡р╕бр╕▓,https://cf.shopee.co.th/file/10ee5924045d2ef2641d4604b89c54ad_tn,https://shopee.co.th//р╕бр╕░р╕бр╣Ир╕зр╕Зр╣Ар╕Вр╕╡р╕вр╕зр╣Ар╕кр╕зр╕вр╕Фр╕┤р╕Ъ-р╕кр╕Фр╕Ир╕▓р╕Бр╕кр╕зр╕Щ-р╕Ыр╕ер╕нр╕Фр╕кр╕▓р╕гр╣Ар╕Др╕бр╕╡-р╣Бр╕Юр╣Зр╕Д-2-р╕Бр╕┤р╣Вр╕ер╕Бр╕гр╕▒р╕б(р╕Ьр╕ер╣Др╕бр╣Йр╕Хр╕▓р╕бр╕др╕Фр╕╣р╕Бр╕▓р╕е)-i.428959069.10301340227
48,р╕кр╕бр╕╕р╕Щр╣Др╕Юр╕гр╕Др╕╕р╕Ур╕кр╕▒р╕бр╕др╕Чр╕Шр╕┤р╣МЁЯТЯр╕Бр╕гр╕░р╕Ыр╕╕р╕БЁЯТЯр╣Бр╕Чр╣Й100%,р╕┐300,general,no sold,0.0,р╕Ир╕▒р╕Зр╕лр╕зр╕▒р╕Фр╕Хр╕гр╕▒р╕З,https://cf.shopee.co.th/file/b2c5bd6bc2767b2252b7b78bfcc0c356_tn,https://shopee.co.th//р╕кр╕бр╕╕р╕Щр╣Др╕Юр╕гр╕Др╕╕р╕Ур╕кр╕▒р╕бр╕др╕Чр╕Шр╕┤р╣МЁЯТЯр╕Бр╕гр╕░р╕Ыр╕╕р╕БЁЯТЯр╣Бр╕Чр╣Й100--i.323823536.3567475827
49,р╣Гр╕Кр╣Йр╣Вр╕Др╣Йр╕ФMAYINC30р╕ер╕Фр╣Ар╕Юр╕┤р╣Ир╕б30% * р╕кр╣Йр╕бр╣Вр╕н р╕зр╕гр╕Йр╕▒р╕Хр╕г (M 5 р╕ер╕╣р╕Б),р╕┐582,general,6.0,5.0,р╕Ир╕▒р╕Зр╕лр╕зр╕▒р╕Фр╕кр╕бр╕╕р╕Чр╕гр╕кр╕Зр╕Др╕гр╕▓р╕б,https://cf.shopee.co.th/file/feaaef284173daee806ba2317ae9a21b_tn,https://shopee.co.th//р╣Гр╕Кр╣Йр╣Вр╕Др╣Йр╕ФMAYINC30р╕ер╕Фр╣Ар╕Юр╕┤р╣Ир╕б30-*-р╕кр╣Йр╕бр╣Вр╕н-р╕зр╕гр╕Йр╕▒р╕Хр╕г-(M-5-р╕ер╕╣р╕Б)-i.20242461.9714753514
50,ЁЯТер╣Бр╕бр╣Ир╕Вр╕┤р╕З р╕Вр╕┤р╕Зр╕Вр╣Йр╕н р╕Вр╕┤р╕Зр╣Бр╕Бр╣И р╕Вр╕┤р╕Зр╕кр╕Ф р╕ер╣Йр╕▓р╕З р╕Хр╕▒р╕Фр╣Бр╕Хр╣Ир╕ЗтЭЧя╕Пр╕Бр╣Ир╕нр╕Щр╕кр╣Ир╕З 1р╕Бр╕Б. Aged Ginger (1 Kilogram ),р╕┐35,general,298.0,4.7727,р╕Ир╕▒р╕Зр╕лр╕зр╕▒р╕Фр╣Ар╕Юр╕Кр╕гр╕Ър╕╣р╕гр╕Ур╣М,https://cf.shopee.co.th/file/697ecbe23c35028c0fe8041767744ca2_tn,https://shopee.co.th//ЁЯТер╣Бр╕бр╣Ир╕Вр╕┤р╕З-р╕Вр╕┤р╕Зр╕Вр╣Йр╕н-р╕Вр╕┤р╕Зр╣Бр╕Бр╣И-р╕Вр╕┤р╕Зр╕кр╕Ф-р╕ер╣Йр╕▓р╕З-р╕Хр╕▒р╕Фр╣Бр╕Хр╣Ир╕ЗтЭЧя╕Пр╕Бр╣Ир╕нр╕Щр╕кр╣Ир╕З-1р╕Бр╕Б.-Aged-Ginger-(1-Kilogram-)-i.42891597.3850137426
51,р╕кр╣Йр╕бр╕кр╕▓р╕вр╕Щр╣Йр╕│р╕Ьр╕╢р╣Йр╕Зр╕Др╕▒р╕Фр╕Юр╕┤р╣Ар╕ир╕йр╣Ар╕Ър╕нр╕гр╣М 5 р╕Ър╕гр╕гр╕Ир╕╕р╕Бр╕ер╣Ир╕нр╕З р╕Ир╕│р╕Щр╕зр╕Щ 36 р╕ер╕╣р╕Б,р╕┐690,general,63.0,5.0,р╕Ир╕▒р╕Зр╕лр╕зр╕▒р╕Фр╣Ар╕Кр╕╡р╕вр╕Зр╣Гр╕лр╕бр╣И,https://cf.shopee.co.th/file/424dc4eb46bff2224c4c3011aed656c7_tn,https://shopee.co.th//р╕кр╣Йр╕бр╕кр╕▓р╕вр╕Щр╣Йр╕│р╕Ьр╕╢р╣Йр╕Зр╕Др╕▒р╕Фр╕Юр╕┤р╣Ар╕ир╕йр╣Ар╕Ър╕нр╕гр╣М-5-р╕Ър╕гр╕гр╕Ир╕╕р╕Бр╕ер╣Ир╕нр╕З-р╕Ир╕│р╕Щр╕зр╕Щ-36-р╕ер╕╣р╕Б-i.265627123.6469346768
52,р╕кр╕░р╕Хр╕нр╕Вр╣Йр╕▓р╕з р╕Ир╕▓р╕Бр╕вр╕нр╕Фр╣Ар╕Вр╕▓р╕гр╕░р╕Щр╕нр╕З р╕Бр╣Кр╕нр╕Ы р╣Др╕бр╣Ир╕Йр╕╕р╕Щ 10 р╕Эр╕▒р╕Б р╕кр╕зр╕вр╣Ж р╕кр╕Фр╣Ж,р╕┐260,general,2.0,5.0,р╕Ир╕▒р╕Зр╕лр╕зр╕▒р╕Фр╕гр╕░р╕Щр╕нр╕З,https://cf.shopee.co.th/file/19e127a8849ceefc8960bcbc9cb93af7_tn,https://shopee.co.th//р╕кр╕░р╕Хр╕нр╕Вр╣Йр╕▓р╕з-р╕Ир╕▓р╕Бр╕вр╕нр╕Фр╣Ар╕Вр╕▓р╕гр╕░р╕Щр╕нр╕З-р╕Бр╣Кр╕нр╕Ы-р╣Др╕бр╣Ир╕Йр╕╕р╕Щ-10-р╕Эр╕▒р╕Б-р╕кр╕зр╕вр╣Ж-р╕кр╕Фр╣Ж-i.416618685.9750611233
53,р╣Гр╕Кр╣Йр╣Вр╕Др╣Йр╕ФAUJU202 р╕ер╕Фр╣Ар╕Юр╕┤р╣Ир╕б 15% * р╕кр╣Йр╕бр╣Вр╕н р╕кр╣Йр╕бр╣Вр╕нр╕зр╕гр╕Йр╕▒р╕Хр╕г (L 5 р╕ер╕╣р╕Б),р╕┐700,general,6.0,5.0,р╕Ир╕▒р╕Зр╕лр╕зр╕▒р╕Фр╕кр╕бр╕╕р╕Чр╕гр╕кр╕Зр╕Др╕гр╕▓р╕б,https://cf.shopee.co.th/file/03903067d8c79b0e01c7453aecc8d548_tn,https://shopee.co.th//р╣Гр╕Кр╣Йр╣Вр╕Др╣Йр╕ФAUJU202-р╕ер╕Фр╣Ар╕Юр╕┤р╣Ир╕б-15-*-р╕кр╣Йр╕бр╣Вр╕н-р╕кр╣Йр╕бр╣Вр╕нр╕зр╕гр╕Йр╕▒р╕Хр╕г-(L-5-р╕ер╕╣р╕Б)-i.20242461.9214754154
54,р╣Бр╕Ыр╣Йр╕Зр╕кр╕▓р╣Вр╕Ч р╕кр╕╣р╕Хр╕гр╕нр╕╡р╕кр╕▓р╕Щ р╕лр╕нр╕б р╕лр╕зр╕▓р╕Щ р╣Бр╕гр╕З р╕Юр╕гр╣Йр╕нр╕бр╕кр╕╣р╕Хр╕г 1р╕ер╕╣р╕Бр╕Хр╣Ир╕нр╕Вр╣Йр╕▓р╕з2р╕Бр╕┤р╣Вр╕е р╣Ар╕Бр╣Зр╕Ър╣Др╕Фр╣Йр╕Щр╕▓р╕Щ1р╕Ыр╕╡ р╕кр╣Ир╕Зр╕Фр╣Ир╕зр╕Щр╣Ар╕Др╕нр╕гр╕╡р╣И р╣Ар╕Бр╣Зр╕Ър╣Ар╕Зр╕┤р╕Щр╕Ыр╕ер╕▓р╕вр╕Чр╕▓р╕З,р╕┐9,р╕гр╣Йр╕▓р╕Щр╣Бр╕Щр╕░р╕Щр╕│,1000.0,4.7692,р╕Ир╕▒р╕Зр╕лр╕зр╕▒р╕Фр╕ир╕гр╕╡р╕кр╕░р╣Ар╕Бр╕й,https://cf.shopee.co.th/file/42e9104fe9cdae8205903f4ff1243914_tn,https://shopee.co.th//р╣Бр╕Ыр╣Йр╕Зр╕кр╕▓р╣Вр╕Ч-р╕кр╕╣р╕Хр╕гр╕нр╕╡р╕кр╕▓р╕Щ-р╕лр╕нр╕б-р╕лр╕зр╕▓р╕Щ-р╣Бр╕гр╕З-р╕Юр╕гр╣Йр╕нр╕бр╕кр╕╣р╕Хр╕г-1р╕ер╕╣р╕Бр╕Хр╣Ир╕нр╕Вр╣Йр╕▓р╕з2р╕Бр╕┤р╣Вр╕е-р╣Ар╕Бр╣Зр╕Ър╣Др╕Фр╣Йр╕Щр╕▓р╕Щ1р╕Ыр╕╡-р╕кр╣Ир╕Зр╕Фр╣Ир╕зр╕Щр╣Ар╕Др╕нр╕гр╕╡р╣И-р╣Ар╕Бр╣Зр╕Ър╣Ар╕Зр╕┤р╕Щр╕Ыр╕ер╕▓р╕вр╕Чр╕▓р╕З-i.78266336.7455332579
55,р╕Щр╣Йр╕│р╕Хр╕▓р╕ер╣Вр╕Хр╕Щр╕Ф р╕Вр╕нр╕Зр╣Бр╕Чр╣Йр╣Ж 100%  р╕нр╕гр╣Ир╕нр╕вр╕бр╕▓р╕Б р╕кр╕┤р╕Щр╕Др╣Йр╕▓р╕Юр╕гр╣Йр╕нр╕бр╕кр╣Ир╕З,р╕┐99,general,117.0,4.7143,р╕Ир╕▒р╕Зр╕лр╕зр╕▒р╕Фр╕Ыр╕гр╕░р╕Ир╕зр╕Ър╕Др╕╡р╕гр╕╡р╕Вр╕▒р╕Щр╕Шр╣М,https://cf.shopee.co.th/file/5120e01f12abc0c3918fb4b7c65440b6_tn,https://shopee.co.th//р╕Щр╣Йр╕│р╕Хр╕▓р╕ер╣Вр╕Хр╕Щр╕Ф-р╕Вр╕нр╕Зр╣Бр╕Чр╣Йр╣Ж-100-р╕нр╕гр╣Ир╕нр╕вр╕бр╕▓р╕Б-р╕кр╕┤р╕Щр╕Др╣Йр╕▓р╕Юр╕гр╣Йр╕нр╕бр╕кр╣Ир╕З-i.12598186.2634605708
56,FRAGRANCE OIL AGARA (GRAPEFRUIT) - р╕лр╕▒р╕зр╕Щр╣Йр╕│р╕лр╕нр╕бр╕Бр╕ер╕┤р╣Ир╕Щр╕кр╣Йр╕бр╣Вр╕н,р╕┐105 - р╕┐335,general,102.0,4.7143,р╕Ир╕▒р╕Зр╕лр╕зр╕▒р╕Фр╕Ыр╕Чр╕╕р╕бр╕Шр╕▓р╕Щр╕╡,https://cf.shopee.co.th/file/cb0468ef4d1c032e691f2668cfb6a6e3_tn,https://shopee.co.th//FRAGRANCE-OIL-AGARA-(GRAPEFRUIT)-р╕лр╕▒р╕зр╕Щр╣Йр╕│р╕лр╕нр╕бр╕Бр╕ер╕┤р╣Ир╕Щр╕кр╣Йр╕бр╣Вр╕н-i.68846303.4002808728
57,р╕кр╣Йр╕бр╣Вр╕нр╕Вр╕▓р╕зр╕Щр╣Йр╕│р╕Ьр╕╢р╣Йр╕Зр╕Вр╕нр╕Зр╣Бр╕Чр╣Йр╕Ир╕▓р╕Бр╕Щр╕Др╕гр╕Ыр╕Рр╕б,р╕┐100,general,33.0,4.8889,р╕Ир╕▒р╕Зр╕лр╕зр╕▒р╕Фр╕Щр╕Др╕гр╕Ыр╕Рр╕б,https://cf.shopee.co.th/file/7109f77c7cadc072d5f14b5b03f18402_tn,https://shopee.co.th//р╕кр╣Йр╕бр╣Вр╕нр╕Вр╕▓р╕зр╕Щр╣Йр╕│р╕Ьр╕╢р╣Йр╕Зр╕Вр╕нр╕Зр╣Бр╕Чр╣Йр╕Ир╕▓р╕Бр╕Щр╕Др╕гр╕Ыр╕Рр╕б-i.205673119.7776994521
58,р╕кр╣Йр╕бр╣Вр╕нр╕Вр╕▓р╕зр╣Гр╕лр╕Нр╣И р╕кр╕зр╕Щр╣Бр╕бр╣Ир╕зр╕▒р╕Щр╕Фр╕╡ р╣Ар╕бр╕╖р╕нр╕Зр╕нр╕▒р╕бр╕Юр╕зр╕▓,р╕┐100,general,84.0,4.4545,р╕Ир╕▒р╕Зр╕лр╕зр╕▒р╕Фр╕кр╕бр╕╕р╕Чр╕гр╕Ыр╕гр╕▓р╕Бр╕▓р╕г,https://cf.shopee.co.th/file/7920aaeee180c04e04b0ae08e21dbedd_tn,https://shopee.co.th//р╕кр╣Йр╕бр╣Вр╕нр╕Вр╕▓р╕зр╣Гр╕лр╕Нр╣И-р╕кр╕зр╕Щр╣Бр╕бр╣Ир╕зр╕▒р╕Щр╕Фр╕╡-р╣Ар╕бр╕╖р╕нр╕Зр╕нр╕▒р╕бр╕Юр╕зр╕▓-i.242406373.7026478835
59,р╕кр╣Йр╕бр╣Вр╕нр╣Бр╕Фр╕Зр╣Ар╕зр╕╡р╕вр╕Фр╕Щр╕▓р╕бр╣Ар╕кр╕╡р╕вр╕Ър╕вр╕нр╕Ф р╕кр╕╣р╕З 40-50 р╕Лр╕б.,р╕┐149,р╕гр╣Йр╕▓р╕Щр╣Бр╕Щр╕░р╕Щр╕│,30.0,4.8333,р╕Ир╕▒р╕Зр╕лр╕зр╕▒р╕Фр╕Юр╕┤р╕йр╕Ур╕╕р╣Вр╕ер╕Б,https://cf.shopee.co.th/file/1490bac367ee70776ce798922996d9c7_tn,https://shopee.co.th//р╕кр╣Йр╕бр╣Вр╕нр╣Бр╕Фр╕Зр╣Ар╕зр╕╡р╕вр╕Фр╕Щр╕▓р╕бр╣Ар╕кр╕╡р╕вр╕Ър╕вр╕нр╕Ф-р╕кр╕╣р╕З-40-50-р╕Лр╕б.-i.234315271.6650166679
60,р╕кр╕бр╕╕р╕Щр╣Др╕Юр╕гр╕зр╕▒р╕Зр╕Юр╕гр╕б р╕вр╕▓р╕Фр╕бр╕кр╣Йр╕бр╣Вр╕нр╕бр╕╖р╕н р╕Вр╕Щр╕▓р╕Фр╕Ър╕гр╕гр╕Ир╕╕ 3 р╕Бр╕гр╕▒р╕б (р╕Ир╕│р╕Щр╕зр╕Щ 1 р╣Вр╕лр╕е),р╕┐200,shopee mall,5.0,5.0,р╕Ир╕▒р╕Зр╕лр╕зр╕▒р╕Фр╕Щр╕Др╕гр╕Ыр╕Рр╕б,https://cf.shopee.co.th/file/ce4b30f886ef63abfb1ab2c871e1b514_tn,https://shopee.co.th//р╕кр╕бр╕╕р╕Щр╣Др╕Юр╕гр╕зр╕▒р╕Зр╕Юр╕гр╕б-р╕вр╕▓р╕Фр╕бр╕кр╣Йр╕бр╣Вр╕нр╕бр╕╖р╕н-р╕Вр╕Щр╕▓р╕Фр╕Ър╕гр╕гр╕Ир╕╕-3-р╕Бр╕гр╕▒р╕б-(р╕Ир╕│р╕Щр╕зр╕Щ-1-р╣Вр╕лр╕е)-i.31766054.3175616829
61,р╕кр╣Ир╕Зр╕Фр╣Ир╕зр╕Щ!!..р╕кр╣Ир╕Зр╕Чр╕╕р╕Бр╕зр╕▒р╕Щ р╕Вр╣Йр╕▓р╕зр╕лр╕нр╕бр╕бр╕░р╕ер╕┤р╣Бр╕Чр╣Й 100% р╕Хр╕гр╕▓р╕кр╣Йр╕бр╣Вр╕н 5р╕Бр╕Б.,р╕┐215,general,9.0,4.8,р╕Ир╕▒р╕Зр╕лр╕зр╕▒р╕Фр╕Ыр╕Чр╕╕р╕бр╕Шр╕▓р╕Щр╕╡,https://cf.shopee.co.th/file/8194533b2e49353be218b0b6275cc401_tn,https://shopee.co.th//р╕кр╣Ир╕Зр╕Фр╣Ир╕зр╕Щ!!..р╕кр╣Ир╕Зр╕Чр╕╕р╕Бр╕зр╕▒р╕Щ-р╕Вр╣Йр╕▓р╕зр╕лр╕нр╕бр╕бр╕░р╕ер╕┤р╣Бр╕Чр╣Й-100-р╕Хр╕гр╕▓р╕кр╣Йр╕бр╣Вр╕н-5р╕Бр╕Б.-i.224756735.7223538746
62,р╕кр╣Йр╕бр╣Вр╕нр╣Бр╕Фр╕Зр╣Ар╕зр╕╡р╕вр╕Фр╕Щр╕▓р╕б р╣Ар╕кр╕╡р╕вр╕Ър╕вр╕нр╕Ф,р╕┐149,р╕гр╣Йр╕▓р╕Щр╣Бр╕Щр╕░р╕Щр╕│,216.0,4.7397,р╕Ир╕▒р╕Зр╕лр╕зр╕▒р╕Фр╕Юр╕┤р╕йр╕Ур╕╕р╣Вр╕ер╕Б,https://cf.shopee.co.th/file/5024142d0d02568605e25bc9685b9be0_tn,https://shopee.co.th//р╕кр╣Йр╕бр╣Вр╕нр╣Бр╕Фр╕Зр╣Ар╕зр╕╡р╕вр╕Фр╕Щр╕▓р╕б-р╣Ар╕кр╕╡р╕вр╕Ър╕вр╕нр╕Ф-i.234315271.5834780706
63,р╕Хр╣Йр╕Щр╕Бр╕ер╣Йр╕▓р╕кр╣Йр╕бр╣Вр╕нр╕Чр╕▒р╕Ър╕Чр╕┤р╕бр╕кр╕вр╕▓р╕б.р╣Ар╕Юр╕гр╕▓р╕░р╣Ар╕бр╕ер╣Зр╕Ф,р╕┐25,general,28.0,5.0,р╕Ир╕▒р╕Зр╕лр╕зр╕▒р╕Фр╕кр╕Бр╕ер╕Щр╕Др╕г,https://cf.shopee.co.th/file/80b6a90fe02bdc71457523f43f2c5a78_tn,https://shopee.co.th//р╕Хр╣Йр╕Щр╕Бр╕ер╣Йр╕▓р╕кр╣Йр╕бр╣Вр╕нр╕Чр╕▒р╕Ър╕Чр╕┤р╕бр╕кр╕вр╕▓р╕б.р╣Ар╕Юр╕гр╕▓р╕░р╣Ар╕бр╕ер╣Зр╕Ф-i.276731374.6566416500
64,ЁЯМ▒р╣Ар╕Ыр╕ер╕╖р╕нр╕Бр╕кр╣Йр╕бр╣Вр╕нр╕нр╕Ър╣Бр╕лр╣Йр╕З 80 р╕Бр╕гр╕▒р╕б ЁЯЪЪЁЯТир╕Юр╕гр╣Йр╕нр╕бр╕кр╣Ир╕З Dried fruit р╕Ьр╕ер╣Др╕бр╣Йр╕нр╕Ър╣Бр╕лр╣Йр╕З,р╕┐18,р╕гр╣Йр╕▓р╕Щр╣Бр╕Щр╕░р╕Щр╕│,129.0,4.76,р╕Ир╕▒р╕Зр╕лр╕зр╕▒р╕Фр╕Бр╕гр╕╕р╕Зр╣Ар╕Чр╕Юр╕бр╕лр╕▓р╕Щр╕Др╕г,https://cf.shopee.co.th/file/626587df4c332bd7c6d53672d146a734_tn,https://shopee.co.th//ЁЯМ▒р╣Ар╕Ыр╕ер╕╖р╕нр╕Бр╕кр╣Йр╕бр╣Вр╕нр╕нр╕Ър╣Бр╕лр╣Йр╕З-80-р╕Бр╕гр╕▒р╕б-ЁЯЪЪЁЯТир╕Юр╕гр╣Йр╕нр╕бр╕кр╣Ир╕З-Dried-fruit-р╕Ьр╕ер╣Др╕бр╣Йр╕нр╕Ър╣Бр╕лр╣Йр╕З-i.119816658.5408377053
65,*р╕Юр╕гр╣Йр╕нр╕бр╕кр╣Ир╕ЗтАЛ*р╕Щр╕бр╕Юр╕╡р╕Кр╕гр╕▓р╕кр╣Ар╕Ър╕нр╕гр╕╡р╣ИтАЛ(р╣Ар╕Лр╕╡р╕вр╕зр╕Ир╣Йр╕▓р╕Щ)тАЛ/р╕кр╣Йр╕бр╣Вр╕нр╣Бр╕Фр╕З/р╕бр╕░р╕бр╣Ир╕зр╕Зр╣Ар╕кр╕▓р╕зр╕гр╕ктАЛ,р╕┐45 - р╕┐59,general,258.0,4.869,р╕Ир╕▒р╕Зр╕лр╕зр╕▒р╕Фр╕Щр╕Щр╕Чр╕Ър╕╕р╕гр╕╡,https://cf.shopee.co.th/file/10ef647f13b72979eec13f73f26eb745_tn,https://shopee.co.th//*р╕Юр╕гр╣Йр╕нр╕бр╕кр╣Ир╕ЗтАЛ*р╕Щр╕бр╕Юр╕╡р╕Кр╕гр╕▓р╕кр╣Ар╕Ър╕нр╕гр╕╡р╣ИтАЛ(р╣Ар╕Лр╕╡р╕вр╕зр╕Ир╣Йр╕▓р╕Щ)тАЛ-р╕кр╣Йр╕бр╣Вр╕нр╣Бр╕Фр╕З-р╕бр╕░р╕бр╣Ир╕зр╕Зр╣Ар╕кр╕▓р╕зр╕гр╕ктАЛ-i.88621162.5663423727
66,р╕кр╣Йр╕бр╣Вр╕н р╕Вр╕▓р╕зр╣Гр╕лр╕Нр╣И (р╕Вр╕нр╕Зр╕Фр╕╡р╣Бр╕бр╣Ир╕Бр╕ер╕нр╕З),р╕┐100,general,470.0,4.6866,р╕Ир╕▒р╕Зр╕лр╕зр╕▒р╕Фр╕кр╕бр╕╕р╕Чр╕гр╕кр╕Зр╕Др╕гр╕▓р╕б,https://cf.shopee.co.th/file/37e79e89338a496e1c60957af123a5b3_tn,https://shopee.co.th//р╕кр╣Йр╕бр╣Вр╕н-р╕Вр╕▓р╕зр╣Гр╕лр╕Нр╣И-(р╕Вр╕нр╕Зр╕Фр╕╡р╣Бр╕бр╣Ир╕Бр╕ер╕нр╕З)-i.39298135.2214650392
67,р╕Хр╣Йр╕Щр╕бр╕░р╕Бр╕гр╕╣р╕Фр╣Ар╕кр╕╡р╕вр╕Ър╕гр╕▓р╕Бр╕кр╣Йр╕бр╣Вр╕нр╕Ир╕░р╣Бр╕Вр╣Зр╕З р╕Бр╕┤р╣Ир╕Зр╕Юр╕гр╣Йр╕нр╕бр╕Ыр╕ер╕╣р╕Бр╣Др╕Фр╣Йр╣Ар╕ер╕в тА╝я╕П р╕Юр╕▒р╕Щр╕Шр╕╕р╣Мр╣Гр╕Ър╣Гр╕лр╕Нр╣И. р╕бр╕╡р╕ер╕╣р╕Бр╣Ар╕Бр╣Зр╕ЪЁЯМ▒(60-80cm),р╕┐85,р╕гр╣Йр╕▓р╕Щр╣Бр╕Щр╕░р╕Щр╕│,302.0,4.8151,р╕Ир╕▒р╕Зр╕лр╕зр╕▒р╕Фр╕Щр╕Др╕гр╕Ыр╕Рр╕б,https://cf.shopee.co.th/file/25c5a739637cbdf35dd1170a3eadef61_tn,https://shopee.co.th//р╕Хр╣Йр╕Щр╕бр╕░р╕Бр╕гр╕╣р╕Фр╣Ар╕кр╕╡р╕вр╕Ър╕гр╕▓р╕Бр╕кр╣Йр╕бр╣Вр╕нр╕Ир╕░р╣Бр╕Вр╣Зр╕З-р╕Бр╕┤р╣Ир╕Зр╕Юр╕гр╣Йр╕нр╕бр╕Ыр╕ер╕╣р╕Бр╣Др╕Фр╣Йр╣Ар╕ер╕в-тА╝я╕П-р╕Юр╕▒р╕Щр╕Шр╕╕р╣Мр╣Гр╕Ър╣Гр╕лр╕Нр╣И.-р╕бр╕╡р╕ер╕╣р╕Бр╣Ар╕Бр╣Зр╕ЪЁЯМ▒(60-80cm)-i.173777749.3629947530
68,р╕кр╣Йр╕бр╣Вр╕нр╕Вр╕▓р╕зр╣Гр╕лр╕Нр╣И (р╕Вр╕нр╕Зр╕Фр╕╡р╣Бр╕бр╣Ир╕Бр╕ер╕нр╕З) р╕кр╕зр╕Щр╕Вр╕нр╕Зр╕Др╕гр╕нр╕Ър╕Др╕гр╕▒р╕з р╕Кр╕▓р╕зр╕кр╕зр╕Щр╕Ыр╕ер╕╣р╕Бр╣Ар╕нр╕З,р╕┐96,general,17.0,5.0,р╕Ир╕▒р╕Зр╕лр╕зр╕▒р╕Фр╕кр╕бр╕╕р╕Чр╕гр╕кр╕Зр╕Др╕гр╕▓р╕б,https://cf.shopee.co.th/file/a81347e7cbeb2a5bd3d23fccccaaa00a_tn,https://shopee.co.th//р╕кр╣Йр╕бр╣Вр╕нр╕Вр╕▓р╕зр╣Гр╕лр╕Нр╣И-(р╕Вр╕нр╕Зр╕Фр╕╡р╣Бр╕бр╣Ир╕Бр╕ер╕нр╕З)-р╕кр╕зр╕Щр╕Вр╕нр╕Зр╕Др╕гр╕нр╕Ър╕Др╕гр╕▒р╕з-р╕Кр╕▓р╕зр╕кр╕зр╕Щр╕Ыр╕ер╕╣р╕Бр╣Ар╕нр╕З-i.15864980.6036952690
69,р╕кр╣Йр╕бр╣Вр╕нр╣Бр╕Фр╕Зр╣Ар╕зр╕╡р╕вр╕Фр╕Щр╕▓р╕б р╕кр╣Йр╕бр╣Вр╕нр╕кр╕╡р╣Бр╕Фр╕З р╕Хр╣Йр╕Щр╕Юр╕▒р╕Щр╕Шр╕╕р╣Мр╣Ар╕кр╕╡р╕вр╕Ър╕вр╕нр╕Фр╕кр╕╣р╕З 40-50 р╕Лр╕б. р╕Хр╣Йр╕Щр╕Юр╕▒р╕Щр╕Шр╕╕р╣Мр╣Бр╕Вр╣Зр╕Зр╣Бр╕гр╕Зр╕Юр╕гр╣Йр╕нр╕бр╕Ыр╕ер╕╣р╕Б р╕гр╕▒р╕Ър╕Ыр╕гр╕░р╕Бр╕▒р╕Щр╕кр╕▓р╕вр╕Юр╕▒р╕Щр╕Шр╕╕р╣Мр╣Бр╕Чр╣Й 100 %,р╕┐145,general,120.0,4.7727,р╕Ир╕▒р╕Зр╕лр╕зр╕▒р╕Фр╕Юр╕┤р╕йр╕Ур╕╕р╣Вр╕ер╕Б,https://cf.shopee.co.th/file/4bced267dd47b63c74919ff5b4e9a1c5_tn,https://shopee.co.th//р╕кр╣Йр╕бр╣Вр╕нр╣Бр╕Фр╕Зр╣Ар╕зр╕╡р╕вр╕Фр╕Щр╕▓р╕б-р╕кр╣Йр╕бр╣Вр╕нр╕кр╕╡р╣Бр╕Фр╕З-р╕Хр╣Йр╕Щр╕Юр╕▒р╕Щр╕Шр╕╕р╣Мр╣Ар╕кр╕╡р╕вр╕Ър╕вр╕нр╕Фр╕кр╕╣р╕З-40-50-р╕Лр╕б.-р╕Хр╣Йр╕Щр╕Юр╕▒р╕Щр╕Шр╕╕р╣Мр╣Бр╕Вр╣Зр╕Зр╣Бр╕гр╕Зр╕Юр╕гр╣Йр╕нр╕бр╕Ыр╕ер╕╣р╕Б-р╕гр╕▒р╕Ър╕Ыр╕гр╕░р╕Бр╕▒р╕Щр╕кр╕▓р╕вр╕Юр╕▒р╕Щр╕Шр╕╕р╣Мр╣Бр╕Чр╣Й-100--i.260863030.6541814620
70,р╕ер╕нр╕Зр╕Ър╕╡р╕Кр╣Ар╕Юр╕╡р╕вр╕зр╣Ар╕гр╣Ир╕кр╣Йр╕бр╣Вр╕нр╕Чр╕▒р╕Ър╕Чр╕┤р╕бр╕кр╕вр╕▓р╕б р╕Вр╕Щр╕▓р╕Ф 900р╕бр╕е. (LongBeach Thai Red Ruby Pomelo Puree 900ml.),р╕┐245,р╕гр╣Йр╕▓р╕Щр╣Бр╕Щр╕░р╕Щр╕│,58.0,4.8947,р╕Ир╕▒р╕Зр╕лр╕зр╕▒р╕Фр╕Ыр╕Чр╕╕р╕бр╕Шр╕▓р╕Щр╕╡,https://cf.shopee.co.th/file/6c0d38c1ccbf76fa396ec50822db95a0_tn,https://shopee.co.th//р╕ер╕нр╕Зр╕Ър╕╡р╕Кр╣Ар╕Юр╕╡р╕вр╕зр╣Ар╕гр╣Ир╕кр╣Йр╕бр╣Вр╕нр╕Чр╕▒р╕Ър╕Чр╕┤р╕бр╕кр╕вр╕▓р╕б-р╕Вр╕Щр╕▓р╕Ф-900р╕бр╕е.-(LongBeach-Thai-Red-Ruby-Pomelo-Puree-900ml.)-i.77729399.6725839276
71,р╣Др╕Лр╕гр╕▒р╕Ы р╣Ар╕Бр╕гр╕Ыр╕Яр╕гр╕╕р╕Хр╣Ар╕Вр╣Йр╕бр╕Вр╣Йр╕Щ р╕Ър╕гр╕гр╕Ир╕╕ 2.5 kg р╣Др╕Лр╕гр╕▒р╕Ыр╕кр╣Йр╕бр╣Вр╕н р╕Щр╕│р╣Ар╕Вр╣Йр╕▓р╕Ир╕▓р╕Бр╣Др╕Хр╣Йр╕лр╕зр╕▒р╕Щ р╕бр╕╡р╣Ар╕Щр╕╖р╣Йр╕нр╣Гр╕Щр╕Хр╕▒р╕з р╕Юр╕гр╕╡р╣Ар╕бр╕╡р╣Ир╕вр╕б Grapefruit Concentrate,р╕┐493,р╕гр╣Йр╕▓р╕Щр╣Бр╕Щр╕░р╕Щр╕│,15.0,5.0,р╕Ир╕▒р╕Зр╕лр╕зр╕▒р╕Фр╕Бр╕гр╕╕р╕Зр╣Ар╕Чр╕Юр╕бр╕лр╕▓р╕Щр╕Др╕г,https://cf.shopee.co.th/file/6dd52d3561e54f10e9a40f3d8576953d_tn,https://shopee.co.th//р╣Др╕Лр╕гр╕▒р╕Ы-р╣Ар╕Бр╕гр╕Ыр╕Яр╕гр╕╕р╕Хр╣Ар╕Вр╣Йр╕бр╕Вр╣Йр╕Щ-р╕Ър╕гр╕гр╕Ир╕╕-2.5-kg-р╣Др╕Лр╕гр╕▒р╕Ыр╕кр╣Йр╕бр╣Вр╕н-р╕Щр╕│р╣Ар╕Вр╣Йр╕▓р╕Ир╕▓р╕Бр╣Др╕Хр╣Йр╕лр╕зр╕▒р╕Щ-р╕бр╕╡р╣Ар╕Щр╕╖р╣Йр╕нр╣Гр╕Щр╕Хр╕▒р╕з-р╕Юр╕гр╕╡р╣Ар╕бр╕╡р╣Ир╕вр╕б-Grapefruit-Concentrate-i.226981668.9214807511
72,р╕Хр╕░р╕Бр╕гр╣Йр╕нр╕кр╕нр╕вр╕Ьр╕ер╣Др╕бр╣Й р╕бр╕░р╕бр╣Ир╕зр╕З р╕кр╣Йр╕бр╣Вр╕н  р╕Бр╕гр╕░р╕Чр╣Йр╕нр╕Щ р╕Хр╕гр╕▓р╕Ыр╕ер╕▓р╕Чр╕нр╕З(р╕Вр╕Щр╕▓р╕Фр╣Гр╕лр╕Нр╣И),р╕┐190,р╕гр╣Йр╕▓р╕Щр╣Бр╕Щр╕░р╕Щр╕│,53.0,4.931,р╕Ир╕▒р╕Зр╕лр╕зр╕▒р╕Фр╕Щр╕Др╕гр╕кр╕зр╕гр╕гр╕Др╣М,https://cf.shopee.co.th/file/e87dbfce9b730c6447fec2c6ee871c1b_tn,https://shopee.co.th//р╕Хр╕░р╕Бр╕гр╣Йр╕нр╕кр╕нр╕вр╕Ьр╕ер╣Др╕бр╣Й-р╕бр╕░р╕бр╣Ир╕зр╕З-р╕кр╣Йр╕бр╣Вр╕н-р╕Бр╕гр╕░р╕Чр╣Йр╕нр╕Щ-р╕Хр╕гр╕▓р╕Ыр╕ер╕▓р╕Чр╕нр╕З(р╕Вр╕Щр╕▓р╕Фр╣Гр╕лр╕Нр╣И)-i.155968560.5343571062
73,POMELO FRAGRANCE OIL - р╕лр╕▒р╕зр╣Ар╕Кр╕╖р╣Йр╕нр╕Щр╣Йр╕│р╕лр╕нр╕б р╕Бр╕ер╕┤р╣Ир╕Щр╕кр╣Йр╕бр╣Вр╕н р╣Ар╕Вр╣Йр╕бр╕Вр╣Йр╕Щр╕кр╕╣р╕З р╕Хр╕┤р╕Фр╕Чр╕Щр╕вр╕▓р╕зр╕Щр╕▓р╕Щ,р╕┐85,р╕гр╣Йр╕▓р╕Щр╣Бр╕Щр╕░р╕Щр╕│,19.0,4.4286,р╕Ир╕▒р╕Зр╕лр╕зр╕▒р╕Фр╕Бр╕гр╕╕р╕Зр╣Ар╕Чр╕Юр╕бр╕лр╕▓р╕Щр╕Др╕г,https://cf.shopee.co.th/file/2db6973fa62cef9c0dd15028b911e9f3_tn,https://shopee.co.th//POMELO-FRAGRANCE-OIL-р╕лр╕▒р╕зр╣Ар╕Кр╕╖р╣Йр╕нр╕Щр╣Йр╕│р╕лр╕нр╕б-р╕Бр╕ер╕┤р╣Ир╕Щр╕кр╣Йр╕бр╣Вр╕н-р╣Ар╕Вр╣Йр╕бр╕Вр╣Йр╕Щр╕кр╕╣р╕З-р╕Хр╕┤р╕Фр╕Чр╕Щр╕вр╕▓р╕зр╕Щр╕▓р╕Щ-i.214965477.7732266935
74,р╕Цр╕╕р╕Зр╕лр╣Ир╕нр╕кр╣Йр╕бр╣Вр╕н 1 р╕Бр╕┤р╣Вр╕ер╕Бр╕гр╕▒р╕б р╕Ър╕гр╕гр╕Ир╕╕ 150 р╣Гр╕Ъ р╕Бр╕▒р╕Щр╣Бр╕бр╕ер╕Зр╕Чр╕╕р╕Бр╕Кр╕Щр╕┤р╕Ф,р╕┐99,general,33.0,5.0,р╕Ир╕▒р╕Зр╕лр╕зр╕▒р╕Фр╕лр╕Щр╕нр╕Зр╕Ър╕▒р╕зр╕ер╕│р╕ар╕╣,https://cf.shopee.co.th/file/98b7497a120bf0cd661cd5915c785499_tn,https://shopee.co.th//р╕Цр╕╕р╕Зр╕лр╣Ир╕нр╕кр╣Йр╕бр╣Вр╕н-1-р╕Бр╕┤р╣Вр╕ер╕Бр╕гр╕▒р╕б-р╕Ър╕гр╕гр╕Ир╕╕-150-р╣Гр╕Ъ-р╕Бр╕▒р╕Щр╣Бр╕бр╕ер╕Зр╕Чр╕╕р╕Бр╕Кр╕Щр╕┤р╕Ф-i.165217033.6068007282
75,р╕Хр╣Йр╕Щр╕Бр╕ер╣Йр╕▓р╕кр╣Йр╕бр╣Вр╕н р╣Бр╕Ър╕Ър╣Ар╕Юр╕▓р╕░р╣Ар╕бр╕ер╣Зр╕Ф,р╕┐20,general,10.0,5.0,р╕Ир╕▒р╕Зр╕лр╕зр╕▒р╕Фр╕кр╕Бр╕ер╕Щр╕Др╕г,https://cf.shopee.co.th/file/0cd45931092f02631685c6fb03458ad3_tn,https://shopee.co.th//р╕Хр╣Йр╕Щр╕Бр╕ер╣Йр╕▓р╕кр╣Йр╕бр╣Вр╕н-р╣Бр╕Ър╕Ър╣Ар╕Юр╕▓р╕░р╣Ар╕бр╕ер╣Зр╕Ф-i.39311382.3535194304
76,ЁЯФе1 kgЁЯФе( р╕Кр╕▓р╕кр╣Йр╕бр╣Вр╕нр╣Ар╕Бр╕▓р╕лр╕ер╕╡ Grapefruit Tea ) р╕лр╕гр╕╖р╕нр╕Кр╕▓р╕кр╣Йр╕бр╣Вр╕нр╣Ар╕Бр╕▓р╕лр╕ер╕╡р╣Ар╕Щр╕╖р╣Йр╕нр╣Бр╕Фр╕З,р╕┐450,general,4.0,5.0,р╕Ир╕▒р╕Зр╕лр╕зр╕▒р╕Фр╕Бр╕гр╕╕р╕Зр╣Ар╕Чр╕Юр╕бр╕лр╕▓р╕Щр╕Др╕г,https://cf.shopee.co.th/file/dab5dada516f264f32f1408cda78502e_tn,https://shopee.co.th//ЁЯФе1-kgЁЯФе(-р╕Кр╕▓р╕кр╣Йр╕бр╣Вр╕нр╣Ар╕Бр╕▓р╕лр╕ер╕╡-Grapefruit-Tea-)-р╕лр╕гр╕╖р╕нр╕Кр╕▓р╕кр╣Йр╕бр╣Вр╕нр╣Ар╕Бр╕▓р╕лр╕ер╕╡р╣Ар╕Щр╕╖р╣Йр╕нр╣Бр╕Фр╕З-i.278144504.7678166392
77,р╕Хр╕░р╕Бр╕гр╣Йр╕нр╕кр╕нр╕вр╕бр╕░р╕бр╣Ир╕зр╕З р╕кр╣Йр╕бр╣Вр╕н  р╕Бр╕гр╕░р╕Чр╣Йр╕нр╕Щ р╕Хр╕гр╕▓р╕Ыр╕ер╕▓р╕Чр╕нр╕З,р╕┐190 - р╕┐250,р╕гр╣Йр╕▓р╕Щр╣Бр╕Щр╕░р╕Щр╕│,24.0,4.9333,р╕Ир╕▒р╕Зр╕лр╕зр╕▒р╕Фр╕Щр╕Др╕гр╕кр╕зр╕гр╕гр╕Др╣М,https://cf.shopee.co.th/file/c9e5dc38e33f53a37e74127c0181fc39_tn,https://shopee.co.th//р╕Хр╕░р╕Бр╕гр╣Йр╕нр╕кр╕нр╕вр╕бр╕░р╕бр╣Ир╕зр╕З-р╕кр╣Йр╕бр╣Вр╕н-р╕Бр╕гр╕░р╕Чр╣Йр╕нр╕Щ-р╕Хр╕гр╕▓р╕Ыр╕ер╕▓р╕Чр╕нр╕З-i.155968560.4343382562
78,"р╣Ар╕Др╕гр╕╖р╣Ир╕нр╕Зр╕Др╕▒р╣Йр╕Щр╕Щр╣Йр╕│р╕Ьр╕ер╣Др╕бр╣Йр╣Др╕Яр╕Яр╣Йр╕▓, р╣Ар╕Др╕гр╕╖р╣Ир╕нр╕Зр╕Др╕▒р╣Йр╕Щр╕Щр╣Йр╕│р╕Ьр╕ер╣Др╕бр╣Йр╕кр╣Йр╕бр╣Вр╕нр╕бр╕░р╕Щр╕▓р╕зр╣Гр╕Щр╕Др╕гр╕▒р╕зр╣Ар╕гр╕╖р╕нр╕Щ, р╣Ар╕Др╕гр╕╖р╣Ир╕нр╕Зр╕Др╕▒р╣Йр╕Щр╕бр╕░р╕Щр╕▓р╕зр╕кр╣Йр╕бр╕нр╕▒р╕Хр╣Вр╕Щр╕бр╕▒р╕Хр╕┤р╣Бр╕Ър╕Ър╕Бр╕Фр╕Фр╣Йр╕зр╕вр╕бр╕╖р╕н",р╕┐220,general,11.0,5.0,р╕Ир╕▒р╕Зр╕лр╕зр╕▒р╕Фр╕Бр╕гр╕╕р╕Зр╣Ар╕Чр╕Юр╕бр╕лр╕▓р╕Щр╕Др╕г,https://cf.shopee.co.th/file/43828fa8b05c217ccafe51a3a021f50b_tn,https://shopee.co.th//р╣Ар╕Др╕гр╕╖р╣Ир╕нр╕Зр╕Др╕▒р╣Йр╕Щр╕Щр╣Йр╕│р╕Ьр╕ер╣Др╕бр╣Йр╣Др╕Яр╕Яр╣Йр╕▓-р╣Ар╕Др╕гр╕╖р╣Ир╕нр╕Зр╕Др╕▒р╣Йр╕Щр╕Щр╣Йр╕│р╕Ьр╕ер╣Др╕бр╣Йр╕кр╣Йр╕бр╣Вр╕нр╕бр╕░р╕Щр╕▓р╕зр╣Гр╕Щр╕Др╕гр╕▒р╕зр╣Ар╕гр╕╖р╕нр╕Щ-р╣Ар╕Др╕гр╕╖р╣Ир╕нр╕Зр╕Др╕▒р╣Йр╕Щр╕бр╕░р╕Щр╕▓р╕зр╕кр╣Йр╕бр╕нр╕▒р╕Хр╣Вр╕Щр╕бр╕▒р╕Хр╕┤р╣Бр╕Ър╕Ър╕Бр╕Фр╕Фр╣Йр╕зр╕вр╕бр╕╖р╕н-i.252102906.6658448544
79,р╕кр╣Йр╕бр╣Вр╕нр╣Бр╕Фр╕Зр╣Ар╕зр╕╡р╕вр╕Фр╕Щр╕▓р╕б (р╣Ар╕кр╕╡р╕вр╕Ър╕вр╕нр╕Ф) р╕Юр╕▒р╕Щр╕Шр╕╕р╣Мр╕Щр╕│р╣Ар╕Вр╣Йр╕▓ р╕Хр╣Йр╕Щр╕кр╕╣р╕З 40-50 р╣Ар╕Лр╕Щр╕Хр╕┤р╣Ар╕бр╕Хр╕г,р╕┐139,general,no sold,0.0,р╕Ир╕▒р╕Зр╕лр╕зр╕▒р╕Фр╕Щр╕Др╕гр╕Юр╕Щр╕б,https://cf.shopee.co.th/file/1bee49dce4a9d314e41dfec2b6286711_tn,https://shopee.co.th//р╕кр╣Йр╕бр╣Вр╕нр╣Бр╕Фр╕Зр╣Ар╕зр╕╡р╕вр╕Фр╕Щр╕▓р╕б-(р╣Ар╕кр╕╡р╕вр╕Ър╕вр╕нр╕Ф)-р╕Юр╕▒р╕Щр╕Шр╕╕р╣Мр╕Щр╕│р╣Ар╕Вр╣Йр╕▓-р╕Хр╣Йр╕Щр╕кр╕╣р╕З-40-50-р╣Ар╕Лр╕Щр╕Хр╕┤р╣Ар╕бр╕Хр╕г-i.60012.8755188066
80,[р╣Гр╕кр╣Ир╣Вр╕Др╣Йр╕Ф 55FMCG12 р╕ер╕Фр╣Ар╕Юр╕┤р╣Ир╕б 12% р╕зр╕▒р╕Щр╕Чр╕╡р╣И 5.5] р╕Вр╣Йр╕▓р╕зр╕лр╕нр╕бр╕бр╕░р╕ер╕┤р╣Бр╕Чр╣Й 100% р╕Хр╕гр╕▓ р╕кр╣Йр╕бр╣Вр╕н р╕Вр╕Щр╕▓р╕Фр╕Ър╕гр╕гр╕Ир╕╕ 5р╕Бр╕Б,р╕┐235,р╕гр╣Йр╕▓р╕Щр╣Бр╕Щр╕░р╕Щр╕│,20.0,4.8,р╕Ир╕▒р╕Зр╕лр╕зр╕▒р╕Фр╕кр╕бр╕╕р╕Чр╕гр╕Ыр╕гр╕▓р╕Бр╕▓р╕г,https://cf.shopee.co.th/file/9f7fb7fb388ead4efaeaa4c1ff7520a4_tn,https://shopee.co.th//-р╣Гр╕кр╣Ир╣Вр╕Др╣Йр╕Ф-55FMCG12-р╕ер╕Фр╣Ар╕Юр╕┤р╣Ир╕б-12-р╕зр╕▒р╕Щр╕Чр╕╡р╣И-5.5-р╕Вр╣Йр╕▓р╕зр╕лр╕нр╕бр╕бр╕░р╕ер╕┤р╣Бр╕Чр╣Й-100-р╕Хр╕гр╕▓-р╕кр╣Йр╕бр╣Вр╕н-р╕Вр╕Щр╕▓р╕Фр╕Ър╕гр╕гр╕Ир╕╕-5р╕Бр╕Б-i.235649965.6531467724
81,BIOAQUA р╕бр╕▓р╕кр╣Мр╕Бр╕Ър╕│р╕гр╕╕р╕Зр╕гр╕┤р╕бр╕Эр╕╡р╕Ыр╕▓р╕Б р╕кр╕╣р╕Хр╕гр╕Ьр╕ер╣Др╕бр╣Й р╕Ър╕ер╕╣р╣Ар╕Ър╕нр╕гр╣Мр╕гр╕╡р╣И р╕бр╕░р╕Щр╕▓р╕з р╕кр╣Йр╕бр╣Вр╕н р╕Кр╣Ир╕зр╕вр╣Ар╕Хр╕┤р╕бр╕Др╕зр╕▓р╕бр╕Кр╕╕р╣Ир╕бр╕Кр╕╖р╣Йр╕Щ р╕Ыр╕▓р╕Бр╣Ар╕гр╕╡р╕вр╕Ър╣Ар╕Щр╕╡р╕вр╕Щ р╕Ыр╕▓р╕Бр╕нр╕бр╕Кр╕бр╕Юр╕╣ р╕Ыр╕▓р╕Бр╕кр╕зр╕в р╕бр╕▓р╕гр╣Мр╕Д,р╕┐4,р╕гр╣Йр╕▓р╕Щр╣Бр╕Щр╕░р╕Щр╕│,1600.0,4.7963,р╕Ир╕▒р╕Зр╕лр╕зр╕▒р╕Фр╕Бр╕гр╕╕р╕Зр╣Ар╕Чр╕Юр╕бр╕лр╕▓р╕Щр╕Др╕г,https://cf.shopee.co.th/file/b960acfac7aa0dcb31dfdc04c44c6897_tn,https://shopee.co.th//BIOAQUA-р╕бр╕▓р╕кр╣Мр╕Бр╕Ър╕│р╕гр╕╕р╕Зр╕гр╕┤р╕бр╕Эр╕╡р╕Ыр╕▓р╕Б-р╕кр╕╣р╕Хр╕гр╕Ьр╕ер╣Др╕бр╣Й-р╕Ър╕ер╕╣р╣Ар╕Ър╕нр╕гр╣Мр╕гр╕╡р╣И-р╕бр╕░р╕Щр╕▓р╕з-р╕кр╣Йр╕бр╣Вр╕н-р╕Кр╣Ир╕зр╕вр╣Ар╕Хр╕┤р╕бр╕Др╕зр╕▓р╕бр╕Кр╕╕р╣Ир╕бр╕Кр╕╖р╣Йр╕Щ-р╕Ыр╕▓р╕Бр╣Ар╕гр╕╡р╕вр╕Ър╣Ар╕Щр╕╡р╕вр╕Щ-р╕Ыр╕▓р╕Бр╕нр╕бр╕Кр╕бр╕Юр╕╣-р╕Ыр╕▓р╕Бр╕кр╕зр╕в-р╕бр╕▓р╕гр╣Мр╕Д-i.99789597.8617190732
82,р╕Бр╕┤р╣Ир╕Зр╕Юр╕▒р╕Щр╕Шр╕╕р╣Мр╕кр╣Йр╕бр╣Вр╕нр╕Чр╕▒р╕Ър╕Чр╕┤р╕бр╕кр╕вр╕▓р╕б р╕Бр╕┤р╣Ир╕Зр╕Хр╕нр╕Щ ЁЯМ▒ЁЯМ▒р╕Вр╕нр╕Зр╣Бр╕Чр╣Йр╕Ир╕▓р╕Бр╕Ыр╕▓р╕Бр╕Юр╕Щр╕▒р╕З р╕Кр╕▓р╕зр╕кр╕зр╕Щр╕Вр╕▓р╕вр╣Ар╕нр╕З,р╕┐139,general,553.0,4.6667,р╕Ир╕▒р╕Зр╕лр╕зр╕▒р╕Фр╕Щр╕Др╕гр╕ир╕гр╕╡р╕Шр╕гр╕гр╕бр╕гр╕▓р╕К,https://cf.shopee.co.th/file/7673c191e50c92e554dd9e3be1bb7e93_tn,https://shopee.co.th//р╕Бр╕┤р╣Ир╕Зр╕Юр╕▒р╕Щр╕Шр╕╕р╣Мр╕кр╣Йр╕бр╣Вр╕нр╕Чр╕▒р╕Ър╕Чр╕┤р╕бр╕кр╕вр╕▓р╕б-р╕Бр╕┤р╣Ир╕Зр╕Хр╕нр╕Щ-ЁЯМ▒ЁЯМ▒р╕Вр╕нр╕Зр╣Бр╕Чр╣Йр╕Ир╕▓р╕Бр╕Ыр╕▓р╕Бр╕Юр╕Щр╕▒р╕З-р╕Кр╕▓р╕зр╕кр╕зр╕Щр╕Вр╕▓р╕вр╣Ар╕нр╕З-i.222604774.6748352168
83,р╣Ар╕Ыр╕ер╕╖р╕нр╕Бр╕кр╣Йр╕бр╣Вр╕нр╣Ар╕Кр╕╖р╣Ир╕нр╕бр╣Бр╕лр╣Йр╕З 500 р╕Бр╕гр╕▒р╕бЁЯТЭуАКр╣Ар╕ИуАЛ,р╕┐88,р╕гр╣Йр╕▓р╕Щр╣Бр╕Щр╕░р╕Щр╕│,27.0,4.5789,р╕Ир╕▒р╕Зр╕лр╕зр╕▒р╕Фр╣Ар╕Юр╕Кр╕гр╕Ър╕╕р╕гр╕╡,https://cf.shopee.co.th/file/c709d76c9da446e7a32a9fa2c7da354d_tn,https://shopee.co.th//р╣Ар╕Ыр╕ер╕╖р╕нр╕Бр╕кр╣Йр╕бр╣Вр╕нр╣Ар╕Кр╕╖р╣Ир╕нр╕бр╣Бр╕лр╣Йр╕З-500-р╕Бр╕гр╕▒р╕бЁЯТЭуАКр╣Ар╕ИуАЛ-i.85590305.7635305007
84,р╕кр╣Йр╕бр╣Вр╕нр╣Бр╕Фр╕Зр╣Ар╕зр╕╡р╕вр╕Фр╕Щр╕▓р╕б р╣Ар╕кр╕╡р╕вр╕Ър╕вр╕нр╕Ф р╕кр╕╣р╕З40-50р╕Лр╕б.р╕Ыр╕ер╕╣р╕Бр╣Др╕Фр╣Йр╕Чр╕▒р╣Ир╕зр╣Др╕Чр╕в р╕кр╕▓р╕бр╕▓р╕гр╕Цр╕Ыр╕ер╕╣р╕Бр╣Гр╕кр╣Ир╕Бр╕гр╕░р╕Цр╕▓р╕Зр╣Др╕Фр╣Й,р╕┐150,general,5.0,5.0,р╕Ир╕▒р╕Зр╕лр╕зр╕▒р╕Фр╕кр╕╕р╣Вр╕Вр╕Чр╕▒р╕в,https://cf.shopee.co.th/file/1cf6a70706ba9aefea8be6ee66ded74c_tn,https://shopee.co.th//р╕кр╣Йр╕бр╣Вр╕нр╣Бр╕Фр╕Зр╣Ар╕зр╕╡р╕вр╕Фр╕Щр╕▓р╕б-р╣Ар╕кр╕╡р╕вр╕Ър╕вр╕нр╕Ф-р╕кр╕╣р╕З40-50р╕Лр╕б.р╕Ыр╕ер╕╣р╕Бр╣Др╕Фр╣Йр╕Чр╕▒р╣Ир╕зр╣Др╕Чр╕в-р╕кр╕▓р╕бр╕▓р╕гр╕Цр╕Ыр╕ер╕╣р╕Бр╣Гр╕кр╣Ир╕Бр╕гр╕░р╕Цр╕▓р╕Зр╣Др╕Фр╣Й-i.31314136.3680319399
85,р╕Хр╣Йр╕Щр╕Юр╕▒р╕Щр╕Шр╕╕р╣Мр╕кр╣Йр╕бр╣Вр╕нр╕Ир╕▒р╕Бр╕гр╕Юр╕гр╕гр╕Фр╕┤ р╣Бр╕Ър╕Ър╕Хр╕┤р╕Фр╕Хр╕▓ р╕Яр╕гр╕╡ ! р╕Др╣Ир╕▓р╕кр╣Ир╕З,р╕┐350 - р╕┐500,general,64.0,4.8333,р╕Ир╕▒р╕Зр╕лр╕зр╕▒р╕Фр╕кр╕╕р╕Юр╕гр╕гр╕Ур╕Ър╕╕р╕гр╕╡,https://cf.shopee.co.th/file/9b1e43e39bd783bb4bafd742abb9f1c8_tn,https://shopee.co.th//р╕Хр╣Йр╕Щр╕Юр╕▒р╕Щр╕Шр╕╕р╣Мр╕кр╣Йр╕бр╣Вр╕нр╕Ир╕▒р╕Бр╕гр╕Юр╕гр╕гр╕Фр╕┤-р╣Бр╕Ър╕Ър╕Хр╕┤р╕Фр╕Хр╕▓-р╕Яр╕гр╕╡-!-р╕Др╣Ир╕▓р╕кр╣Ир╕З-i.43334861.5044111689
86,р╕кр╣Йр╕бр╣Вр╕нр╕Чр╕▒р╕Ър╕Чр╕┤р╕бр╕кр╕вр╕▓р╕б р╕Хр╣Йр╕Щр╕Юр╕▒р╕Щр╕Шр╕╕р╣Мр╣Ар╕кр╕╡р╕вр╕Ър╕вр╕нр╕Фр╕кр╕╣р╕З 40-50 р╕Лр╕б.р╣Бр╕Вр╣Зр╕Зр╣Бр╕гр╕Зр╕Юр╕гр╣Йр╕нр╕бр╕Ыр╕ер╕╣р╕Б р╕гр╕▒р╕Ър╕Ыр╕гр╕░р╕Бр╕▒р╕Щр╕Юр╕▒р╕Щр╕Шр╕╕р╣Мр╣Бр╕Чр╣Й 100%,р╕┐146,general,13.0,5.0,р╕Ир╕▒р╕Зр╕лр╕зр╕▒р╕Фр╕Юр╕┤р╕йр╕Ур╕╕р╣Вр╕ер╕Б,https://cf.shopee.co.th/file/915fe8a4b21d97d867f32277a2a7d9f4_tn,https://shopee.co.th//р╕кр╣Йр╕бр╣Вр╕нр╕Чр╕▒р╕Ър╕Чр╕┤р╕бр╕кр╕вр╕▓р╕б-р╕Хр╣Йр╕Щр╕Юр╕▒р╕Щр╕Шр╕╕р╣Мр╣Ар╕кр╕╡р╕вр╕Ър╕вр╕нр╕Фр╕кр╕╣р╕З-40-50-р╕Лр╕б.р╣Бр╕Вр╣Зр╕Зр╣Бр╕гр╕Зр╕Юр╕гр╣Йр╕нр╕бр╕Ыр╕ер╕╣р╕Б-р╕гр╕▒р╕Ър╕Ыр╕гр╕░р╕Бр╕▒р╕Щр╕Юр╕▒р╕Щр╕Шр╕╕р╣Мр╣Бр╕Чр╣Й-100--i.228629530.3233750369
87,Butterfly Thai Perfume - р╕кр╣Йр╕бр╣Вр╕н  ( Pomelo ),р╕┐259,р╕гр╣Йр╕▓р╕Щр╣Бр╕Щр╕░р╕Щр╕│,155.0,4.8553,р╕Ир╕▒р╕Зр╕лр╕зр╕▒р╕Фр╕Бр╕гр╕╕р╕Зр╣Ар╕Чр╕Юр╕бр╕лр╕▓р╕Щр╕Др╕г,https://cf.shopee.co.th/file/e82fcdce1e6f24b8c33e2b45a9acbb9b_tn,https://shopee.co.th//Butterfly-Thai-Perfume-р╕кр╣Йр╕бр╣Вр╕н-(-Pomelo-)-i.243620979.7829950864
88,р╕Хр╣Йр╕Щр╣Ар╕Вр╣Зр╕бр╣Ар╕ир╕гр╕йр╕Рр╕╡ р╕Фр╕нр╕Бр╕кр╕╡р╕кр╣Йр╕бр╣Вр╕нр╣Вр╕гр╕к р╕Фр╕нр╕Бр╕Фр╕Б р╕Бр╕гр╕░р╕Цр╕▓р╕З 6 р╕Щр╕┤р╣Йр╕з,р╕┐80,general,34.0,4.8947,р╕Ир╕▒р╕Зр╕лр╕зр╕▒р╕Фр╕Щр╕Щр╕Чр╕Ър╕╕р╕гр╕╡,https://cf.shopee.co.th/file/ea447834405db9df870eba4a84d78463_tn,https://shopee.co.th//р╕Хр╣Йр╕Щр╣Ар╕Вр╣Зр╕бр╣Ар╕ир╕гр╕йр╕Рр╕╡-р╕Фр╕нр╕Бр╕кр╕╡р╕кр╣Йр╕бр╣Вр╕нр╣Вр╕гр╕к-р╕Фр╕нр╕Бр╕Фр╕Б-р╕Бр╕гр╕░р╕Цр╕▓р╕З-6-р╕Щр╕┤р╣Йр╕з-i.236919396.6843574779
89,BIOAQUA р╕бр╕▓р╕кр╣Мр╕Бр╕Ър╕│р╕гр╕╕р╕Зр╕гр╕┤р╕бр╕Эр╕╡р╕Ыр╕▓р╕Б р╕бр╕▓р╕кр╣Мр╕Бр╕Ьр╕ер╣Др╕бр╣Й р╕Ър╕ер╕╣р╣Ар╕Ър╕нр╕гр╣Мр╕гр╕╡р╣И р╕бр╕░р╕Щр╕▓р╕з р╕кр╣Йр╕бр╣Вр╕н р╕Кр╣Ир╕зр╕вр╣Ар╕Хр╕┤р╕бр╕Др╕зр╕▓р╕бр╕Кр╕╕р╣Ир╕бр╕Кр╕╖р╣Йр╕Щ р╕Ыр╕▓р╕Бр╣Ар╕гр╕╡р╕вр╕Ър╣Ар╕Щр╕╡р╕вр╕Щ р╕Ыр╕▓р╕Бр╕нр╕бр╕Кр╕бр╕Юр╕╣ р╕Ыр╕▓р╕Бр╕кр╕зр╕в р╕бр╕▓р╕гр╣Мр╕Д,р╕┐4,р╕гр╣Йр╕▓р╕Щр╣Бр╕Щр╕░р╕Щр╕│,567.0,5.0,р╕Ир╕▒р╕Зр╕лр╕зр╕▒р╕Фр╕Бр╕гр╕╕р╕Зр╣Ар╕Чр╕Юр╕бр╕лр╕▓р╕Щр╕Др╕г,https://cf.shopee.co.th/file/b960acfac7aa0dcb31dfdc04c44c6897_tn,https://shopee.co.th//BIOAQUA-р╕бр╕▓р╕кр╣Мр╕Бр╕Ър╕│р╕гр╕╕р╕Зр╕гр╕┤р╕бр╕Эр╕╡р╕Ыр╕▓р╕Б-р╕бр╕▓р╕кр╣Мр╕Бр╕Ьр╕ер╣Др╕бр╣Й-р╕Ър╕ер╕╣р╣Ар╕Ър╕нр╕гр╣Мр╕гр╕╡р╣И-р╕бр╕░р╕Щр╕▓р╕з-р╕кр╣Йр╕бр╣Вр╕н-р╕Кр╣Ир╕зр╕вр╣Ар╕Хр╕┤р╕бр╕Др╕зр╕▓р╕бр╕Кр╕╕р╣Ир╕бр╕Кр╕╖р╣Йр╕Щ-р╕Ыр╕▓р╕Бр╣Ар╕гр╕╡р╕вр╕Ър╣Ар╕Щр╕╡р╕вр╕Щ-р╕Ыр╕▓р╕Бр╕нр╕бр╕Кр╕бр╕Юр╕╣-р╕Ыр╕▓р╕Бр╕кр╕зр╕в-р╕бр╕▓р╕гр╣Мр╕Д-i.266710946.9317194098
90,р╕кр╣Йр╕бр╣Вр╕н р╕Вр╕▓р╕зр╣Бр╕Хр╕Зр╕Бр╕зр╕▓ р╕Кр╕▒р╕вр╕Щр╕▓р╕Ч р╕Вр╕нр╕Зр╕Эр╕▓р╕Б р╕ер╕╣р╕Бр╣Гр╕лр╕Нр╣Ир╣Др╕Лр╕кр╣М XL,р╕┐140,р╕гр╣Йр╕▓р╕Щр╣Бр╕Щр╕░р╕Щр╕│,29.0,4.8333,р╕Ир╕▒р╕Зр╕лр╕зр╕▒р╕Фр╕Кр╕▒р╕вр╕Щр╕▓р╕Ч,https://cf.shopee.co.th/file/6a06350e380ab6fe24928029298098c5_tn,https://shopee.co.th//р╕кр╣Йр╕бр╣Вр╕н-р╕Вр╕▓р╕зр╣Бр╕Хр╕Зр╕Бр╕зр╕▓-р╕Кр╕▒р╕вр╕Щр╕▓р╕Ч-р╕Вр╕нр╕Зр╕Эр╕▓р╕Б-р╕ер╕╣р╕Бр╣Гр╕лр╕Нр╣Ир╣Др╕Лр╕кр╣М-XL-i.78844268.4538116212
91,[р╕Юр╕гр╣Йр╕нр╕бр╕кр╣Ир╕З] р╕Щр╕бр╣Ар╕Ыр╕гр╕╡р╣Йр╕вр╕з чЬЯцЮЬч▓Т р╕гр╕кр╕Кр╕▓р╕Ьр╕кр╕бр╕кр╣Йр╕бр╣Вр╕нр╣Бр╕Фр╕З,р╕┐49,general,22.0,5.0,р╕Ир╕▒р╕Зр╕лр╕зр╕▒р╕Фр╕Бр╕гр╕╕р╕Зр╣Ар╕Чр╕Юр╕бр╕лр╕▓р╕Щр╕Др╕г,https://cf.shopee.co.th/file/c3abfd3d4787630107c960d0d3ae6640_tn,https://shopee.co.th//-р╕Юр╕гр╣Йр╕нр╕бр╕кр╣Ир╕З-р╕Щр╕бр╣Ар╕Ыр╕гр╕╡р╣Йр╕вр╕з-чЬЯцЮЬч▓Т-р╕гр╕кр╕Кр╕▓р╕Ьр╕кр╕бр╕кр╣Йр╕бр╣Вр╕нр╣Бр╕Фр╕З-i.10387339.6581746973
92,Butterfly Thai Perfume - р╕кр╣Йр╕бр╣Вр╕н ( Pomelo ),р╕┐59,р╕гр╣Йр╕▓р╕Щр╣Бр╕Щр╕░р╕Щр╕│,239.0,4.7944,р╕Ир╕▒р╕Зр╕лр╕зр╕▒р╕Фр╕Бр╕гр╕╕р╕Зр╣Ар╕Чр╕Юр╕бр╕лр╕▓р╕Щр╕Др╕г,https://cf.shopee.co.th/file/3d8b7b78e49a3eeb1e000ff36bec95d9_tn,https://shopee.co.th//Butterfly-Thai-Perfume-р╕кр╣Йр╕бр╣Вр╕н-(-Pomelo-)-i.243620979.5556824187
93,р╕кр╣Йр╕бр╣Вр╕нр╕Чр╕▒р╕Ър╕Чр╕┤р╕бр╕кр╕вр╕▓р╕б р╕Ир╕▓р╕Бр╕Щр╕Др╕гр╕ир╕гр╕╡р╕Шр╕░р╕бр╕гр╕▓р╕К р╕гр╕▒р╕Ър╕Ыр╕гр╕░р╕Бр╕▒р╕Щр╕Юр╕▒р╕Щр╕Шр╕╕р╣Мр╣Бр╕Чр╣Й,р╕┐150,general,342.0,4.7681,р╕Ир╕▒р╕Зр╕лр╕зр╕▒р╕Фр╕Кр╕▒р╕вр╕ар╕╣р╕бр╕┤,https://cf.shopee.co.th/file/25cb200fc9ff1ee8be8838a052cc624a_tn,https://shopee.co.th//р╕кр╣Йр╕бр╣Вр╕нр╕Чр╕▒р╕Ър╕Чр╕┤р╕бр╕кр╕вр╕▓р╕б-р╕Ир╕▓р╕Бр╕Щр╕Др╕гр╕ир╕гр╕╡р╕Шр╕░р╕бр╕гр╕▓р╕К-р╕гр╕▒р╕Ър╕Ыр╕гр╕░р╕Бр╕▒р╕Щр╕Юр╕▒р╕Щр╕Шр╕╕р╣Мр╣Бр╕Чр╣Й-i.119890387.3616159108
94,р╕Фр╕▓р╕гр╣Мр╕Б р╕Кр╣Зр╕нр╕Бр╣Вр╕Бр╣Бр╕ер╕Хр╕Бр╕▓р╣Бр╕Яр╕кр╣Йр╕бр╣Вр╕н Mountain Coffee & Pomelo Dark Chocolate,р╕┐180,general,107.0,4.9459,р╕Ир╕▒р╕Зр╕лр╕зр╕▒р╕Фр╣Ар╕Кр╕╡р╕вр╕Зр╣Гр╕лр╕бр╣И,https://cf.shopee.co.th/file/8ab23e744a2020f92db982469ca1a921_tn,https://shopee.co.th//р╕Фр╕▓р╕гр╣Мр╕Б-р╕Кр╣Зр╕нр╕Бр╣Вр╕Бр╣Бр╕ер╕Хр╕Бр╕▓р╣Бр╕Яр╕кр╣Йр╕бр╣Вр╕н-Mountain-Coffee-Pomelo-Dark-Chocolate-i.164950165.3805178007
95,р╕кр╣Йр╕бр╣Вр╕нр╕Ир╕┤р╣Лр╕з р╕Зр╕▓р╕Щр╕Фр╕┤р╕Щр╕Ыр╕▒р╣Йр╕Щр╕кр╕зр╕вр╣Ж,р╕┐25,р╕гр╣Йр╕▓р╕Щр╣Бр╕Щр╕░р╕Щр╕│,14.0,5.0,р╕Ир╕▒р╕Зр╕лр╕зр╕▒р╕Фр╕Бр╕гр╕╕р╕Зр╣Ар╕Чр╕Юр╕бр╕лр╕▓р╕Щр╕Др╕г,https://cf.shopee.co.th/file/761030b800b1abc7fe18f01a344dc573_tn,https://shopee.co.th//р╕кр╣Йр╕бр╣Вр╕нр╕Ир╕┤р╣Лр╕з-р╕Зр╕▓р╕Щр╕Фр╕┤р╕Щр╕Ыр╕▒р╣Йр╕Щр╕кр╕зр╕вр╣Ж-i.4630737.7056760429
96,р╕кр╣Йр╕бр╣Вр╕нр╕Юр╕▒р╕Щр╕Шр╣Мр╕╕р╕Вр╕▓р╕зр╕Щр╣Йр╕│р╕Ьр╕╢р╣Йр╕Зр╣Бр╕ер╕░р╕Юр╕▒р╕Щр╕Шр╕╕р╣Мр╕Вр╕▓р╕зр╣Бр╕Хр╕Зр╕Бр╕зр╕▓ Size m,р╕┐90,general,no sold,0.0,р╕Ир╕▒р╕Зр╕лр╕зр╕▒р╕Фр╕нр╕╕р╕Хр╕гр╕Фр╕┤р╕Хр╕Цр╣М,https://cf.shopee.co.th/file/0f7b362a46a16dcbd79cea76f30504fa_tn,https://shopee.co.th//р╕кр╣Йр╕бр╣Вр╕нр╕Юр╕▒р╕Щр╕Шр╣Мр╕╕р╕Вр╕▓р╕зр╕Щр╣Йр╕│р╕Ьр╕╢р╣Йр╕Зр╣Бр╕ер╕░р╕Юр╕▒р╕Щр╕Шр╕╕р╣Мр╕Вр╕▓р╕зр╣Бр╕Хр╕Зр╕Бр╕зр╕▓-Size-m-i.359432181.7569910516
97,р╕кр╕Хр╕нр╣Ар╕Ър╕нр╕гр╕╡р╣Ир╣Ар╕Бр╕▓р╕лр╕ер╕╡ Strawberry (KOREA) (1р╣Бр╕Юр╕Д/330р╕Бр╕гр╕▒р╕б) эХЬъ╡н ыФ╕ъ╕░ ~р╕ер╕Фр╕Юр╕┤р╣Ар╕ир╕й~ Premium р╕кр╕Хр╕гр╕нр╣Ар╕Ър╕нр╕гр╕╡р╣Ир╕кр╕Ф р╕кр╕Хр╕нр╣Ар╕Ър╕нр╕гр╣Мр╕гр╕╡р╣И р╕кр╕Хр╕гр╕нр╕зр╣Мр╣Ар╕Ър╕нр╕гр╣Мр╕гр╕╡ р╕Щр╕│р╣Ар╕Вр╣Йр╕▓,р╕┐399,general,69.0,4.7826,р╕Ир╕▒р╕Зр╕лр╕зр╕▒р╕Фр╕Бр╕гр╕╕р╕Зр╣Ар╕Чр╕Юр╕бр╕лр╕▓р╕Щр╕Др╕г,https://cf.shopee.co.th/file/b6dd10d3797eb819120802762d4738d4_tn,https://shopee.co.th//р╕кр╕Хр╕нр╣Ар╕Ър╕нр╕гр╕╡р╣Ир╣Ар╕Бр╕▓р╕лр╕ер╕╡-Strawberry-(KOREA)-(1р╣Бр╕Юр╕Д-330р╕Бр╕гр╕▒р╕б)-эХЬъ╡н-ыФ╕ъ╕░-~р╕ер╕Фр╕Юр╕┤р╣Ар╕ир╕й~-Premium-р╕кр╕Хр╕гр╕нр╣Ар╕Ър╕нр╕гр╕╡р╣Ир╕кр╕Ф-р╕кр╕Хр╕нр╣Ар╕Ър╕нр╕гр╣Мр╕гр╕╡р╣И-р╕кр╕Хр╕гр╕нр╕зр╣Мр╣Ар╕Ър╕нр╕гр╣Мр╕гр╕╡-р╕Щр╕│р╣Ар╕Вр╣Йр╕▓-i.119443887.5672096599
98,р╕кр╣Йр╕бр╣Вр╕нр╣Ар╕Юр╕Кр╕гр╕Щр╣Йр╕│р╕Ьр╕╢р╣Йр╕З р╕Др╕▒р╕Фр╕Юр╕┤р╣Ар╕ир╕й,р╕┐144,general,no sold,0.0,р╕Ир╕▒р╕Зр╕лр╕зр╕▒р╕Фр╕Бр╕гр╕╕р╕Зр╣Ар╕Чр╕Юр╕бр╕лр╕▓р╕Щр╕Др╕г,https://cf.shopee.co.th/file/9c304943850624a7390796d2345fdb89_tn,https://shopee.co.th//р╕кр╣Йр╕бр╣Вр╕нр╣Ар╕Юр╕Кр╕гр╕Щр╣Йр╕│р╕Ьр╕╢р╣Йр╕З-р╕Др╕▒р╕Фр╕Юр╕┤р╣Ар╕ир╕й-i.243867631.3459289686
99,"р╕кр╕ер╕░р╣Вр╕кр╕Ф р╕кр╕ер╕░р╕ер╕нр╕вр╣Бр╕Бр╣Йр╕зр╣Бр╕бр╣Ир╕бр╕╕р╣Йр╕Зр╕бр╕┤р╣Йр╕З ""р╕ер╕нр╕Зр╕Кр╕┤р╕бр╕Йр╕▒р╕Щр╣Бр╕ер╣Йр╕зр╕Ир╕░р╕Хр╕┤р╕Фр╣Гр╕И р╣Ар╕гр╕▓р╕Ир╕░р╣Др╕Фр╣Йр╕кр╕ер╕░р╣Вр╕кр╕Фр╣Др╕Ыр╕Юр╕гр╣Йр╕нр╕бр╣Жр╕Бр╕▒р╕Щ""  1 р╕Вр╕зр╕Ф",р╕┐220,general,6.0,5.0,р╕Ир╕▒р╕Зр╕лр╕зр╕▒р╕Фр╕Ир╕▒р╕Щр╕Чр╕Ър╕╕р╕гр╕╡,https://cf.shopee.co.th/file/24c9189dc2fbecbf62483fd351408b12_tn,https://shopee.co.th//р╕кр╕ер╕░р╣Вр╕кр╕Ф-р╕кр╕ер╕░р╕ер╕нр╕вр╣Бр╕Бр╣Йр╕зр╣Бр╕бр╣Ир╕бр╕╕р╣Йр╕Зр╕бр╕┤р╣Йр╕З-р╕ер╕нр╕Зр╕Кр╕┤р╕бр╕Йр╕▒р╕Щр╣Бр╕ер╣Йр╕зр╕Ир╕░р╕Хр╕┤р╕Фр╣Гр╕И-р╣Ар╕гр╕▓р╕Ир╕░р╣Др╕Фр╣Йр╕кр╕ер╕░р╣Вр╕кр╕Фр╣Др╕Ыр╕Юр╕гр╣Йр╕нр╕бр╣Жр╕Бр╕▒р╕Щ-1-р╕Вр╕зр╕Ф-i.161332014.2689155908
100,р╕вр╕┤р╕бр╣Вр╕Щр╣Ар╕Кр╕╖р╣Йр╕нр╕Фр╣Ир╕▓р╕З р╣Др╕Лр╕кр╣Мр╕Бр╕ер╕▓р╕З р╕Вр╕Щр╕▓р╕Ф3.5-4.5cm. р╣Ар╕гр╕┤р╣Ир╕бр╕Хр╣Йр╕Щ20р╕Ър╕▓р╕Ч,р╕┐20 - р╕┐30,р╕гр╣Йр╕▓р╕Щр╣Бр╕Щр╕░р╕Щр╕│,179.0,4.973,р╕Ир╕▒р╕Зр╕лр╕зр╕▒р╕Фр╕Кр╕ер╕Ър╕╕р╕гр╕╡,https://cf.shopee.co.th/file/1f918a085d079d28b1ed0b33d4668d19_tn,https://shopee.co.th//р╕вр╕┤р╕бр╣Вр╕Щр╣Ар╕Кр╕╖р╣Йр╕нр╕Фр╣Ир╕▓р╕З-р╣Др╕Лр╕кр╣Мр╕Бр╕ер╕▓р╕З-р╕Вр╕Щр╕▓р╕Ф3.5-4.5cm.-р╣Ар╕гр╕┤р╣Ир╕бр╕Хр╣Йр╕Щ20р╕Ър╕▓р╕Ч-i.15357448.8514178392
